#pragma once
// Boot splash logo (h0tbyt3 fork): 150x150 RGB565, kSplashLogoKey = transparent.
// Generated from the Hotby73 badge; drawn by drawBootSplash() when MY_SPLASH_LOGO.
#include <stdint.h>
static constexpr int kSplashLogoW = 150;
static constexpr int kSplashLogoH = 150;
static constexpr uint16_t kSplashLogoKey = 0x0001;
static const uint16_t kSplashLogo[22500] = {
    0x0001,0x0001,0x0001,0x0001,0x0001,0x0001,0x0001,0x0001,0x0001,0x0001,0x0001,0x0001,0x0001,0x0001,0x0001,0x0001,
    0x0001,0x0001,0x0001,0x0001,0x0001,0x0001,0x0001,0x0001,0x0001,0x0001,0x0001,0x0001,0x0001,0x0001,0x0001,0x0001,
    0x0001,0x0001,0x0001,0x0001,0x0001,0x0001,0x0001,0x0001,0x0001,0x0001,0x0001,0x0001,0x0001,0x0001,0x0001,0x0001,
    0x0001,0x0001,0x0001,0x0001,0x0001,0x0001,0x0001,0x0001,0x0001,0x0001,0x0001,0x0001,0x0001,0x0001,0x0001,0x0001,
    0x0001,0x0001,0x2966,0x4208,0x52AA,0x632D,0x83EF,0x9491,0x9492,0x94B2,0x9CD3,0x9CD3,0x94B2,0x94B2,0x8C51,0x7BEF,
    0x6B6D,0x5AEB,0x4A49,0x31A7,0x0001,0x0001,0x0001,0x0001,0x0001,0x0001,0x0001,0x0001,0x0001,0x0001,0x0001,0x0001,
    0x0001,0x0001,0x0001,0x0001,0x0001,0x0001,0x0001,0x0001,0x0001,0x0001,0x0001,0x0001,0x0001,0x0001,0x0001,0x0001,
    0x0001,0x0001,0x0001,0x0001,0x0001,0x0001,0x0001,0x0001,0x0001,0x0001,0x0001,0x0001,0x0001,0x0001,0x0001,0x0001,
    0x0001,0x0001,0x0001,0x0001,0x0001,0x0001,0x0001,0x0001,0x0001,0x0001,0x0001,0x0001,0x0001,0x0001,0x0001,0x0001,
    0x0001,0x0001,0x0001,0x0001,0x0001,0x0001,0x0001,0x0001,0x0001,0x0001,0x0001,0x0001,0x0001,0x0001,0x0001,0x0001,
    0x0001,0x0001,0x0001,0x0001,0x0001,0x0001,0x0001,0x0001,0x0001,0x0001,0x0001,0x0001,0x0001,0x0001,0x0001,0x0001,
    0x0001,0x0001,0x0001,0x0001,0x0001,0x0001,0x0001,0x0001,0x0001,0x0001,0x0001,0x0001,0x0001,0x0001,0x0001,0x0001,
    0x0001,0x0001,0x0001,0x0001,0x0001,0x0001,0x0001,0x0001,0x0001,0x0001,0x0001,0x0001,0x0001,0x0001,0x0001,0x0001,
    0x0001,0x0001,0x31A6,0x52AA,0x7BEF,0xA514,0xBDD7,0xD69A,0xEF5D,0xF7BE,0xFFFF,0xFFFF,0xFFFF,0xFFFF,0xFFFF,0xFFFF,
    0xFFFF,0xFFFF,0xFFFF,0xFFFF,0xFFFF,0xFFFF,0xFFFF,0xFFFF,0xFFFF,0xF79E,0xDEFB,0xC638,0xAD75,0x8C71,0x632D,0x4208,
    0x0001,0x0001,0x0001,0x0001,0x0001,0x0001,0x0001,0x0001,0x0001,0x0001,0x0001,0x0001,0x0001,0x0001,0x0001,0x0001,
    0x0001,0x0001,0x0001,0x0001,0x0001,0x0001,0x0001,0x0001,0x0001,0x0001,0x0001,0x0001,0x0001,0x0001,0x0001,0x0001,
    0x0001,0x0001,0x0001,0x0001,0x0001,0x0001,0x0001,0x0001,0x0001,0x0001,0x0001,0x0001,0x0001,0x0001,0x0001,0x0001,
    0x0001,0x0001,0x0001,0x0001,0x0001,0x0001,0x0001,0x0001,0x0001,0x0001,0x0001,0x0001,0x0001,0x0001,0x0001,0x0001,
    0x0001,0x0001,0x0001,0x0001,0x0001,0x0001,0x0001,0x0001,0x0001,0x0001,0x0001,0x0001,0x0001,0x0001,0x0001,0x0001,
    0x0001,0x0001,0x0001,0x0001,0x0001,0x0001,0x0001,0x0001,0x0001,0x0001,0x0001,0x0001,0x0001,0x0001,0x0001,0x0001,
    0x0001,0x0001,0x0001,0x0001,0x0001,0x0001,0x0001,0x0001,0x0001,0x0001,0x0001,0x0001,0x0001,0x0001,0x0001,0x0001,
    0x0001,0x0001,0x0001,0x0001,0x4208,0x738E,0xAD55,0xCE79,0xF7BE,0xFFFF,0xFFFF,0xFFFF,0xFFFF,0xFFFF,0xFFFF,0xFFFF,
    0xFFFF,0xFFDE,0xF77D,0xF77C,0xE71B,0xEF1A,0xFFBB,0xEF1A,0xE6DA,0xF77C,0xE6FB,0xFFBD,0xFFFE,0xFFFF,0xFFFF,0xFFFF,
    0xFFFF,0xFFFF,0xFFFF,0xFFFF,0xFFFF,0xFFFF,0xE71C,0xBDD7,0x8C71,0x52AB,0x0001,0x0001,0x0001,0x0001,0x0001,0x0001,
    0x0001,0x0001,0x0001,0x0001,0x0001,0x0001,0x0001,0x0001,0x0001,0x0001,0x0001,0x0001,0x0001,0x0001,0x0001,0x0001,
    0x0001,0x0001,0x0001,0x0001,0x0001,0x0001,0x0001,0x0001,0x0001,0x0001,0x0001,0x0001,0x0001,0x0001,0x0001,0x0001,
    0x0001,0x0001,0x0001,0x0001,0x0001,0x0001,0x0001,0x0001,0x0001,0x0001,0x0001,0x0001,0x0001,0x0001,0x0001,0x0001,
    0x0001,0x0001,0x0001,0x0001,0x0001,0x0001,0x0001,0x0001,0x0001,0x0001,0x0001,0x0001,0x0001,0x0001,0x0001,0x0001,
    0x0001,0x0001,0x0001,0x0001,0x0001,0x0001,0x0001,0x0001,0x0001,0x0001,0x0001,0x0001,0x0001,0x0001,0x0001,0x0001,
    0x0001,0x0001,0x0001,0x0001,0x0001,0x0001,0x0001,0x0001,0x0001,0x0001,0x0001,0x0001,0x0001,0x0001,0x0001,0x0001,
    0x0001,0x0001,0x0001,0x0001,0x0001,0x0001,0x2965,0x5AEC,0xA514,0xD69A,0xFFDF,0xFFFF,0xFFFF,0xFFFF,0xFFFF,0xFFFF,
    0xFFDD,0xEEF9,0xC574,0xDDD4,0x8B6D,0x93A9,0xE5CD,0x9326,0x82E7,0xCD4D,0x9326,0x40E0,0x8AC2,0x5940,0x7A65,0xA306,
    0x5963,0xB406,0xB3A6,0x6206,0x9BCB,0xCCCF,0x93CE,0xBD53,0xEED9,0xEF3C,0xEF5E,0xFFFF,0xFFFF,0xFFFF,0xFFFF,0xFFFF,
    0xEF5D,0xBDD7,0x7BEF,0x4208,0x0001,0x0001,0x0001,0x0001,0x0001,0x0001,0x0001,0x0001,0x0001,0x0001,0x0001,0x0001,
    0x0001,0x0001,0x0001,0x0001,0x0001,0x0001,0x0001,0x0001,0x0001,0x0001,0x0001,0x0001,0x0001,0x0001,0x0001,0x0001,
    0x0001,0x0001,0x0001,0x0001,0x0001,0x0001,0x0001,0x0001,0x0001,0x0001,0x0001,0x0001,0x0001,0x0001,0x0001,0x0001,
    0x0001,0x0001,0x0001,0x0001,0x0001,0x0001,0x0001,0x0001,0x0001,0x0001,0x0001,0x0001,0x0001,0x0001,0x0001,0x0001,
    0x0001,0x0001,0x0001,0x0001,0x0001,0x0001,0x0001,0x0001,0x0001,0x0001,0x0001,0x0001,0x0001,0x0001,0x0001,0x0001,
    0x0001,0x0001,0x0001,0x0001,0x0001,0x0001,0x0001,0x0001,0x0001,0x0001,0x0001,0x0001,0x0001,0x0001,0x0001,0x0001,
    0x0001,0x0001,0x0001,0x0001,0x0001,0x0001,0x0001,0x0001,0x0001,0x2145,0x630C,0xAD55,0xE71C,0xFFFF,0xFFFF,0xFFFF,
    0xFFFF,0xFFDE,0xF719,0xEE54,0xF62D,0xE5AB,0xCCC7,0x92E2,0x2020,0xA327,0x9AA7,0x48E1,0x0000,0x1020,0xA3E9,0xEED4,
    0xAB66,0x7204,0x0000,0x6A24,0x7204,0x61A2,0x5143,0x0000,0x38E1,0x7A83,0xBBA6,0x40C0,0x2860,0x82A1,0xB3C3,0xCCC6,
    0xE58B,0xCD6F,0xC5B2,0xCE58,0xCE7A,0xF79F,0xFFFF,0xFFFF,0xFFFF,0xFFDF,0xCE59,0xAD13,0x83AB,0x0001,0x0001,0x0001,
    0x0001,0x0001,0x0001,0x0001,0x0001,0x0001,0x0001,0x0001,0x0001,0x0001,0x0001,0x0001,0x0001,0x0001,0x0001,0x0001,
    0x0001,0x0001,0x0001,0x0001,0x0001,0x0001,0x0001,0x0001,0x0001,0x0001,0x0001,0x0001,0x0001,0x0001,0x0001,0x0001,
    0x0001,0x0001,0x0001,0x0001,0x0001,0x0001,0x0001,0x0001,0x0001,0x0001,0x0001,0x0001,0x0001,0x0001,0x0001,0x0001,
    0x0001,0x0001,0x0001,0x0001,0x0001,0x0001,0x0001,0x0001,0x0001,0x0001,0x0001,0x0001,0x0001,0x0001,0x0001,0x0001,
    0x0001,0x0001,0x0001,0x0001,0x0001,0x0001,0x0001,0x0001,0x0001,0x0001,0x0001,0x0001,0x0001,0x0001,0x0001,0x0001,
    0x0001,0x0001,0x0001,0x0001,0x0001,0x0001,0x0001,0x0001,0x0001,0x0001,0x0001,0x0001,0x0001,0x4A49,0x9CD3,0xE6FC,
    0xFFFF,0xFFFF,0xFFFF,0xFFFF,0xEF3B,0xDE35,0xCD0D,0xB407,0x9AC2,0x71C0,0x5160,0x20C0,0x0820,0x0802,0x0000,0x6244,
    0x9B04,0x92A5,0x6204,0x6A24,0xCD6E,0xFFFA,0xAB86,0x8244,0x92C6,0x7A25,0x2020,0x6182,0x9285,0x51C3,0x82A4,0x9305,
    0x9AE6,0x0802,0x2045,0x2044,0x1841,0x3920,0x6200,0x82C2,0xBC45,0xD527,0xC54D,0xBD51,0xA512,0xBDD7,0xEF5D,0xFFFF,
    0xFFFF,0xFFFF,0xFFDE,0xCE58,0x840E,0x0001,0x0001,0x0001,0x0001,0x0001,0x0001,0x0001,0x0001,0x0001,0x0001,0x0001,
    0x0001,0x0001,0x0001,0x0001,0x0001,0x0001,0x0001,0x0001,0x0001,0x0001,0x0001,0x0001,0x0001,0x0001,0x0001,0x0001,
    0x0001,0x0001,0x0001,0x0001,0x0001,0x0001,0x0001,0x0001,0x0001,0x0001,0x0001,0x0001,0x0001,0x0001,0x0001,0x0001,
    0x0001,0x0001,0x0001,0x0001,0x0001,0x0001,0x0001,0x0001,0x0001,0x0001,0x0001,0x0001,0x0001,0x0001,0x0001,0x0001,
    0x0001,0x0001,0x0001,0x0001,0x0001,0x0001,0x0001,0x0001,0x0001,0x0001,0x0001,0x0001,0x0001,0x0001,0x0001,0x0001,
    0x0001,0x0001,0x0001,0x0001,0x0001,0x0001,0x0001,0x0001,0x0001,0x0001,0x0001,0x0001,0x0001,0x0001,0x0001,0x0001,
    0x2926,0x6B4E,0xC638,0xFFDF,0xFFFF,0xFFFF,0xFFFF,0xCE59,0xA4D2,0x936C,0x9B06,0x7A01,0x4100,0x2080,0x0820,0x0000,
    0x0823,0x1845,0x3067,0x40A9,0x3888,0x4106,0x79E7,0x50C4,0x8227,0x7A43,0xC508,0xF757,0xBC28,0x69C3,0x7244,0x4101,
    0x30A0,0x69C1,0x9263,0x5142,0x2880,0xBBC7,0x30E2,0x0805,0x6070,0x70B3,0x7091,0x584F,0x302A,0x2026,0x1842,0x3941,
    0x72E4,0xBCA8,0xC4CA,0x5183,0x5A87,0x7BAD,0xAD96,0xEF7D,0xFFFF,0xFFFF,0xFFFF,0xE73C,0x94F3,0x3A6A,0x0001,0x0001,
    0x0001,0x0001,0x0001,0x0001,0x0001,0x0001,0x0001,0x0001,0x0001,0x0001,0x0001,0x0001,0x0001,0x0001,0x0001,0x0001,
    0x0001,0x0001,0x0001,0x0001,0x0001,0x0001,0x0001,0x0001,0x0001,0x0001,0x0001,0x0001,0x0001,0x0001,0x0001,0x0001,
    0x0001,0x0001,0x0001,0x0001,0x0001,0x0001,0x0001,0x0001,0x0001,0x0001,0x0001,0x0001,0x0001,0x0001,0x0001,0x0001,
    0x0001,0x0001,0x0001,0x0001,0x0001,0x0001,0x0001,0x0001,0x0001,0x0001,0x0001,0x0001,0x0001,0x0001,0x0001,0x0001,
    0x0001,0x0001,0x0001,0x0001,0x0001,0x0001,0x0001,0x0001,0x0001,0x0001,0x0001,0x0001,0x0001,0x0001,0x0001,0x0001,
    0x0001,0x0001,0x0001,0x0001,0x3987,0x8C30,0xDEDB,0xFFFF,0xFFFF,0xFFFF,0xFF5E,0xDD3A,0xC2F9,0x91B4,0x710E,0x4869,
    0x2043,0x0002,0x0002,0x1025,0x3888,0x3867,0x714D,0x70ED,0x404B,0x488B,0x408A,0x2847,0x2827,0x3887,0x692A,0x718A,
    0x7A28,0x93E9,0xAC4C,0x9C09,0x93C7,0x9BE6,0x9364,0x9303,0x7222,0x40E0,0x92C3,0xA324,0x1861,0x3944,0x2083,0x1825,
    0x2828,0x3809,0x586E,0x80F3,0x70B1,0x504E,0x3029,0x1002,0x28A0,0x20E0,0x28A0,0x1800,0x1041,0x3124,0x62EC,0xB597,
    0xFFFF,0xFFFF,0xFFFF,0xF79E,0xAD96,0x530C,0x0001,0x0001,0x0001,0x0001,0x0001,0x0001,0x0001,0x0001,0x0001,0x0001,
    0x0001,0x0001,0x0001,0x0001,0x0001,0x0001,0x0001,0x0001,0x0001,0x0001,0x0001,0x0001,0x0001,0x0001,0x0001,0x0001,
    0x0001,0x0001,0x0001,0x0001,0x0001,0x0001,0x0001,0x0001,0x0001,0x0001,0x0001,0x0001,0x0001,0x0001,0x0001,0x0001,
    0x0001,0x0001,0x0001,0x0001,0x0001,0x0001,0x0001,0x0001,0x0001,0x0001,0x0001,0x0001,0x0001,0x0001,0x0001,0x0001,
    0x0001,0x0001,0x0001,0x0001,0x0001,0x0001,0x0001,0x0001,0x0001,0x0001,0x0001,0x0001,0x0001,0x0001,0x0001,0x0001,
    0x0001,0x0001,0x0001,0x0001,0x0001,0x0001,0x0001,0x0001,0x3167,0x9452,0xEF3C,0xFFFF,0xFFFF,0xFFFF,0xD61A,0x9331,
    0x60EB,0x4008,0x400A,0x588D,0x7110,0x8152,0x50CE,0x2887,0x4089,0x68EE,0x486C,0x2849,0x204A,0x286C,0x386C,0x204A,
    0x182A,0x1807,0x0803,0x39E2,0x73E3,0x8BA4,0xA26B,0x69C8,0x8367,0x82A5,0x5122,0x5102,0x5121,0x82A3,0x8B23,0x71C1,
    0xA344,0x5183,0x69C1,0xBBC4,0xAB85,0x9325,0x6A63,0x5A65,0x3124,0x1023,0x1005,0x380A,0x6890,0x78B2,0x6890,0x3029,
    0x1002,0x2080,0x3901,0x7223,0x92E4,0x6A85,0x3A08,0x8431,0xE73C,0xFFFF,0xFFFF,0xFFDF,0xB5F7,0x52EB,0x0001,0x0001,
    0x0001,0x0001,0x0001,0x0001,0x0001,0x0001,0x0001,0x0001,0x0001,0x0001,0x0001,0x0001,0x0001,0x0001,0x0001,0x0001,
    0x0001,0x0001,0x0001,0x0001,0x0001,0x0001,0x0001,0x0001,0x0001,0x0001,0x0001,0x0001,0x0001,0x0001,0x0001,0x0001,
    0x0001,0x0001,0x0001,0x0001,0x0001,0x0001,0x0001,0x0001,0x0001,0x0001,0x0001,0x0001,0x0001,0x0001,0x0001,0x0001,
    0x0001,0x0001,0x0001,0x0001,0x0001,0x0001,0x0001,0x0001,0x0001,0x0001,0x0001,0x0001,0x0001,0x0001,0x0001,0x0001,
    0x0001,0x0001,0x0001,0x0001,0x0001,0x0001,0x0001,0x0001,0x0001,0x0001,0x0001,0x0001,0x598D,0x83F1,0xE71C,0xFFFF,
    0xFFFF,0xFFDF,0xB557,0x59EB,0x1003,0x0803,0x1004,0x1825,0x1823,0x1002,0x0002,0x0002,0x40AA,0x60EC,0x304A,0x304B,
    0x282A,0x386B,0x50EE,0x284A,0x694F,0x386A,0x58EE,0x7150,0x48EA,0x4222,0x7C42,0x7422,0x9363,0xBAEC,0x4967,0x28A3,
    0x2063,0x2862,0x30A2,0x4143,0x51A3,0x6982,0xA306,0x3903,0x1860,0x4102,0x5983,0x7A04,0xA305,0xBBE6,0xBBC7,0xA3A6,
    0x8326,0x5205,0x20A3,0x1826,0x302A,0x6871,0x70D2,0x58AF,0x2847,0x28C2,0x72A4,0xCD2B,0xCD6D,0x62A6,0x2124,0x6B8E,
    0xDEDB,0xFFFF,0xFFFF,0xFFDF,0xB5D7,0x42CA,0x0001,0x0001,0x0001,0x0001,0x0001,0x0001,0x0001,0x0001,0x0001,0x0001,
    0x0001,0x0001,0x0001,0x0001,0x0001,0x0001,0x0001,0x0001,0x0001,0x0001,0x0001,0x0001,0x0001,0x0001,0x0001,0x0001,
    0x0001,0x0001,0x0001,0x0001,0x0001,0x0001,0x0001,0x0001,0x0001,0x0001,0x0001,0x0001,0x0001,0x0001,0x0001,0x0001,
    0x0001,0x0001,0x0001,0x0001,0x0001,0x0001,0x0001,0x0001,0x0001,0x0001,0x0001,0x0001,0x0001,0x0001,0x0001,0x0001,
    0x0001,0x0001,0x0001,0x0001,0x0001,0x0001,0x0001,0x0001,0x0001,0x0001,0x0001,0x0001,0x0001,0x0001,0x0001,0x0001,
    0x0001,0x9391,0xE6BD,0xFFFF,0xFFFF,0xFFDF,0xAD15,0x51C8,0x38A1,0x5122,0x5983,0x5962,0x40C1,0x2821,0x0801,0x1004,
    0x1025,0x58CA,0x508B,0x1807,0x2009,0x7170,0x6930,0x58EE,0x58CD,0x406C,0x9A14,0x89F2,0xA213,0xAA96,0x79B0,0x3123,
    0x4A22,0x5223,0x51A3,0xA267,0x8A52,0x0008,0x0003,0x0003,0x0002,0x0002,0x0002,0x0002,0x0802,0x0002,0x0003,0x0003,
    0x0002,0x0002,0x0822,0x2882,0x4924,0x8245,0xB366,0xCC27,0xC428,0x9346,0x49E4,0x18A3,0x1806,0x504E,0x78D4,0x584F,
    0x1805,0x1020,0x6A84,0xCCE9,0xBC6B,0x49C5,0x18C3,0x6B4D,0xDEDB,0xFFFF,0xFFFF,0xF7BE,0x9D14,0x0001,0x0001,0x0001,
    0x0001,0x0001,0x0001,0x0001,0x0001,0x0001,0x0001,0x0001,0x0001,0x0001,0x0001,0x0001,0x0001,0x0001,0x0001,0x0001,
    0x0001,0x0001,0x0001,0x0001,0x0001,0x0001,0x0001,0x0001,0x0001,0x0001,0x0001,0x0001,0x0001,0x0001,0x0001,0x0001,
    0x0001,0x0001,0x0001,0x0001,0x0001,0x0001,0x0001,0x0001,0x0001,0x0001,0x0001,0x0001,0x0001,0x0001,0x0001,0x0001,
    0x0001,0x0001,0x0001,0x0001,0x0001,0x0001,0x0001,0x0001,0x0001,0x0001,0x0001,0x0001,0x0001,0x0001,0x0001,0x0001,
    0x0001,0x0001,0x0001,0x0001,0x0001,0x5AA8,0xBDB6,0xFFFF,0xFFFF,0xFFFF,0xC5B9,0x620B,0x7148,0xA268,0xC3A6,0xCC47,
    0xDC67,0xDC47,0xDC06,0xB327,0x7125,0x2826,0x68EF,0x4889,0x1005,0x1809,0x48CC,0x592D,0x79D1,0x50CC,0x7971,0xB297,
    0xBB17,0x81B2,0x714F,0x48CA,0x3068,0x2026,0x1844,0x2084,0x5985,0x5124,0xAA31,0x38EF,0x0006,0x0024,0x0025,0x0004,
    0x0004,0x0003,0x0044,0x0003,0x0004,0x0004,0x0003,0x0024,0x0003,0x0003,0x0003,0x0003,0x0803,0x30C4,0x69E5,0xA2E6,
    0xCC27,0xC448,0x72C5,0x3164,0x0824,0x3009,0x60EE,0x58CD,0x2006,0x1021,0x51A3,0x6A04,0x3903,0x0820,0x20E3,0x840F,
    0xE73D,0xFFFF,0xFFFF,0xE73C,0x7C50,0x0001,0x0001,0x0001,0x0001,0x0001,0x0001,0x0001,0x0001,0x0001,0x0001,0x0001,
    0x0001,0x0001,0x0001,0x0001,0x0001,0x0001,0x0001,0x0001,0x0001,0x0001,0x0001,0x0001,0x0001,0x0001,0x0001,0x0001,
    0x0001,0x0001,0x0001,0x0001,0x0001,0x0001,0x0001,0x0001,0x0001,0x0001,0x0001,0x0001,0x0001,0x0001,0x0001,0x0001,
    0x0001,0x0001,0x0001,0x0001,0x0001,0x0001,0x0001,0x0001,0x0001,0x0001,0x0001,0x0001,0x0001,0x0001,0x0001,0x0001,
    0x0001,0x0001,0x0001,0x0001,0x0001,0x0001,0x0001,0x0001,0x0001,0x0001,0x8C31,0xF79D,0xFFFF,0xFFFF,0xDE7C,0x8B35,
    0x6091,0x994E,0x816A,0x48A7,0x38A5,0x38A4,0x5963,0x8AA3,0xB3A4,0xD3E6,0xEC67,0x918A,0x404B,0x0805,0x2028,0x6A09,
    0x48AA,0x50CE,0xAA76,0x486B,0x7991,0x716F,0x408B,0x488B,0x7170,0x7990,0x81B1,0x714F,0x0804,0x0002,0x6263,0x8B22,
    0x6909,0xA256,0x000C,0x0005,0x0004,0x0004,0x0004,0x0003,0x0004,0x0004,0x0004,0x0004,0x0004,0x0004,0x0024,0x1085,
    0x10A6,0x2928,0x31A9,0x10E6,0x0003,0x0802,0x30C4,0x7A26,0xBBA7,0xCC46,0x9386,0x41C4,0x1864,0x2868,0x284A,0x1844,
    0x4A05,0x7329,0x7BCB,0x7C08,0x72E3,0x7322,0x9406,0xDE54,0xFFFF,0xFFFF,0xFFFF,0xC679,0x0001,0x0001,0x0001,0x0001,
    0x0001,0x0001,0x0001,0x0001,0x0001,0x0001,0x0001,0x0001,0x0001,0x0001,0x0001,0x0001,0x0001,0x0001,0x0001,0x0001,
    0x0001,0x0001,0x0001,0x0001,0x0001,0x0001,0x0001,0x0001,0x0001,0x0001,0x0001,0x0001,0x0001,0x0001,0x0001,0x0001,
    0x0001,0x0001,0x0001,0x0001,0x0001,0x0001,0x0001,0x0001,0x0001,0x0001,0x0001,0x0001,0x0001,0x0001,0x0001,0x0001,
    0x0001,0x0001,0x0001,0x0001,0x0001,0x0001,0x0001,0x0001,0x0001,0x0001,0x0001,0x0001,0x0001,0x0001,0x4208,0xC639,
    0xFFFF,0xFFFF,0xFFBF,0x9413,0x6971,0x6932,0x58EE,0x2844,0x0802,0x1003,0x2024,0x1803,0x1803,0x2043,0x5163,0x8222,
    0xAAA8,0x50AA,0x0002,0x0805,0x4928,0x69C8,0x1808,0x58CE,0x712F,0x714F,0x710D,0x48AA,0x610E,0x58CC,0x590C,0x71CF,
    0x594A,0x40A8,0x40CA,0x592B,0x50E9,0x5989,0x612A,0xC315,0x5953,0x100E,0x000A,0x0005,0x0004,0x0004,0x0004,0x0004,
    0x0004,0x0845,0x18C6,0x0845,0x10C6,0x3189,0x83F0,0xD656,0x9471,0x3189,0x10A6,0x0004,0x0003,0x0002,0x1843,0x5984,
    0xA306,0xCC48,0x8B46,0x0840,0x3963,0x9C08,0x8469,0x5BE8,0x4409,0x3B67,0x3B65,0x4365,0x42A2,0x4240,0x7BA8,0xE6D8,
    0xFFFF,0xFFFF,0xEF9E,0x8430,0x0001,0x0001,0x0001,0x0001,0x0001,0x0001,0x0001,0x0001,0x0001,0x0001,0x0001,0x0001,
    0x0001,0x0001,0x0001,0x0001,0x0001,0x0001,0x0001,0x0001,0x0001,0x0001,0x0001,0x0001,0x0001,0x0001,0x0001,0x0001,
    0x0001,0x0001,0x0001,0x0001,0x0001,0x0001,0x0001,0x0001,0x0001,0x0001,0x0001,0x0001,0x0001,0x0001,0x0001,0x0001,
    0x0001,0x0001,0x0001,0x0001,0x0001,0x0001,0x0001,0x0001,0x0001,0x0001,0x0001,0x0001,0x0001,0x0001,0x0001,0x0001,
    0x0001,0x0001,0x0001,0x83CF,0xF77D,0xFFFF,0xFFFF,0xC5B8,0x618D,0x3025,0x3046,0x3087,0x1000,0x2882,0x4922,0x3081,
    0x1021,0x0801,0x1001,0x1802,0x2001,0x2843,0x7950,0x2846,0x0000,0x0804,0x69C8,0x30A7,0x1007,0x50EC,0x3029,0x592C,
    0xA1D3,0x9A34,0x81B1,0x2847,0x48EB,0x512A,0x696C,0x720D,0x71AE,0x696E,0x610D,0x512C,0x512C,0x618C,0x698E,0x5970,
    0x5131,0x40D1,0x080D,0x0006,0x0004,0x0004,0x0005,0x41EB,0x7390,0x18C7,0x3189,0xAD33,0xFFFA,0xB552,0x2948,0x18A6,
    0x1086,0x0025,0x0005,0x0004,0x0004,0x0003,0x0802,0x4144,0x4942,0x8327,0xAC68,0x6BE7,0x2B27,0x1AE8,0x1AC8,0x1A06,
    0x12A8,0x2287,0x42A4,0x3A83,0x19E1,0x21C1,0x944E,0xF79D,0xFFFF,0xFFFF,0xD678,0x0001,0x0001,0x0001,0x0001,0x0001,
    0x0001,0x0001,0x0001,0x0001,0x0001,0x0001,0x0001,0x0001,0x0001,0x0001,0x0001,0x0001,0x0001,0x0001,0x0001,0x0001,
    0x0001,0x0001,0x0001,0x0001,0x0001,0x0001,0x0001,0x0001,0x0001,0x0001,0x0001,0x0001,0x0001,0x0001,0x0001,0x0001,
    0x0001,0x0001,0x0001,0x0001,0x0001,0x0001,0x0001,0x0001,0x0001,0x0001,0x0001,0x0001,0x0001,0x0001,0x0001,0x0001,
    0x0001,0x0001,0x0001,0x0001,0x0001,0x0001,0x0001,0x2946,0xAD75,0xFFFF,0xFFFF,0xEF7E,0x734E,0x0801,0x1802,0x2022,
    0x5940,0x5100,0x1000,0x1842,0x40C4,0x5124,0x6126,0x48A5,0x0802,0x0000,0x0822,0x0805,0x9114,0x3807,0x0002,0x1004,
    0x2866,0x1006,0x1808,0x386A,0x3029,0x590E,0x510B,0x40C7,0x594A,0x408C,0x50EE,0x38C7,0x2844,0x2862,0x1820,0x0000,
    0x0000,0x0000,0x0000,0x0000,0x0000,0x0000,0x1022,0x38C7,0x590F,0x28AE,0x0006,0x0005,0x0005,0x18C8,0x31CB,0x10A7,
    0x83EF,0xFF97,0xEF16,0x5AAC,0x2107,0x10C6,0x0865,0x0004,0x0846,0x10C7,0x0004,0x0004,0x0003,0x0000,0x7AC8,0xAC06,
    0x3A62,0x19E3,0x0943,0x0945,0x0125,0x0124,0x0105,0x00E2,0x0922,0x19C4,0x19C3,0x0162,0x00A0,0x3A25,0xCE37,0xFFFF,
    0xFFFF,0xE73C,0x5B2C,0x0001,0x0001,0x0001,0x0001,0x0001,0x0001,0x0001,0x0001,0x0001,0x0001,0x0001,0x0001,0x0001,
    0x0001,0x0001,0x0001,0x0001,0x0001,0x0001,0x0001,0x0001,0x0001,0x0001,0x0001,0x0001,0x0001,0x0001,0x0001,0x0001,
    0x0001,0x0001,0x0001,0x0001,0x0001,0x0001,0x0001,0x0001,0x0001,0x0001,0x0001,0x0001,0x0001,0x0001,0x0001,0x0001,
    0x0001,0x0001,0x0001,0x0001,0x0001,0x0001,0x0001,0x0001,0x0001,0x0001,0x0001,0x0001,0x4208,0xD6BA,0xFFFF,0xFFFF,
    0xC638,0x3966,0x0000,0x3046,0x3846,0x3081,0xBB03,0xC2E2,0x50E1,0x2042,0x0002,0x0801,0x2844,0x6126,0x7989,0x2846,
    0x0003,0x002A,0xA998,0x4008,0x1024,0x1005,0x0804,0x1025,0x2009,0x1808,0x1005,0x4927,0x69E7,0x722B,0x40E9,0x2863,
    0x3060,0x3880,0x5920,0x38C0,0x0820,0x1040,0x1861,0x1041,0x0841,0x1860,0x0820,0x0820,0x0000,0x0000,0x1000,0x510B,
    0x184C,0x0005,0x0005,0x0005,0x0867,0x2949,0xBD73,0xFF74,0xE6B6,0x5A6B,0x2128,0x18C7,0x0886,0x0025,0x0005,0x0025,
    0x0005,0x0005,0x0003,0x6A88,0x8B05,0x29A2,0x1143,0x08E3,0x08C3,0x00C2,0x00A3,0x0905,0x08C4,0x0884,0x08C3,0x00E2,
    0x0081,0x0081,0x00A1,0x0000,0x0020,0x842F,0xFFFF,0xFFFF,0xFFFF,0x8C71,0x0001,0x0001,0x0001,0x0001,0x0001,0x0001,
    0x0001,0x0001,0x0001,0x0001,0x0001,0x0001,0x0001,0x0001,0x0001,0x0001,0x0001,0x0001,0x0001,0x0001,0x0001,0x0001,
    0x0001,0x0001,0x0001,0x0001,0x0001,0x0001,0x0001,0x0001,0x0001,0x0001,0x0001,0x0001,0x0001,0x0001,0x0001,0x0001,
    0x0001,0x0001,0x0001,0x0001,0x0001,0x0001,0x0001,0x0001,0x0001,0x0001,0x0001,0x0001,0x0001,0x0001,0x0001,0x0001,
    0x0001,0x6B4D,0xEF7D,0xFFFF,0xFFFF,0x9451,0x2042,0x0000,0x2045,0x4069,0x2863,0x4080,0xA2C2,0xBB64,0x40A0,0x7161,
    0x2044,0x1002,0x0800,0x1003,0x4087,0x914C,0x4068,0x000A,0xB25A,0x606C,0x2025,0x0804,0x0824,0x1004,0x1005,0x1025,
    0x59C8,0x82AA,0x4106,0x2862,0x40C0,0x5921,0x71A2,0xA284,0xA284,0x30A1,0x20C5,0x614F,0x488E,0x0803,0x0840,0x4142,
    0x0820,0x1821,0x1821,0x0800,0x0000,0x3866,0x386E,0x0006,0x0005,0x0005,0x0867,0x39CB,0xCDD1,0xFEF1,0xEEF5,0x6AED,
    0x2948,0x18E7,0x10A7,0x0886,0x0046,0x0005,0x0026,0x0004,0x3126,0x9328,0x1102,0x08A2,0x08A3,0x0043,0x0063,0x30CB,
    0x2048,0x0002,0x0022,0x1044,0x0000,0x0021,0x0861,0x18C1,0x2921,0x4203,0x39A2,0x1060,0x5A88,0xDEFB,0xFFFF,0xFFFF,
    0xBDD6,0x0001,0x0001,0x0001,0x0001,0x0001,0x0001,0x0001,0x0001,0x0001,0x0001,0x0001,0x0001,0x0001,0x0001,0x0001,
    0x0001,0x0001,0x0001,0x0001,0x0001,0x0001,0x0001,0x0001,0x0001,0x0001,0x0001,0x0001,0x0001,0x0001,0x0001,0x0001,
    0x0001,0x0001,0x0001,0x0001,0x0001,0x0001,0x0001,0x0001,0x0001,0x0001,0x0001,0x0001,0x0001,0x0001,0x0001,0x0001,
    0x0001,0x0001,0x0001,0x0001,0x0001,0x0001,0x8410,0xFFFF,0xFFFF,0xF77E,0x630C,0x0000,0x0801,0x0822,0x58A9,0x2846,
    0x1040,0x1820,0xCB63,0xBB03,0x1820,0x6980,0x6104,0x1806,0x0802,0x1021,0x0823,0x4085,0xA1CC,0x284A,0x8196,0xA0D4,
    0x2006,0x0002,0x0803,0x0803,0x1006,0x40CA,0x5128,0x0802,0x1820,0x2060,0x1860,0x0840,0x40C1,0xBB66,0x9AE4,0x2881,
    0x2848,0x50EE,0x2868,0x0000,0x0801,0x1022,0x0000,0x1841,0x3844,0x0801,0x0000,0x3888,0x184D,0x0006,0x0006,0x0006,
    0x0868,0x296A,0xBD92,0xFED2,0xFF35,0xAD33,0x39A9,0x2929,0x18C7,0x18A7,0x18C8,0x0026,0x0006,0x0844,0x6207,0x2124,
    0x0884,0x0821,0x0002,0x286C,0x6176,0x6937,0x70F5,0x9113,0x5089,0x0002,0x18A1,0x5A84,0x5285,0x4AA4,0x42C4,0x42A3,
    0x5283,0x4A02,0x3940,0x5224,0xBDF7,0xFFFF,0xFFFF,0xDEDA,0x0001,0x0001,0x0001,0x0001,0x0001,0x0001,0x0001,0x0001,
    0x0001,0x0001,0x0001,0x0001,0x0001,0x0001,0x0001,0x0001,0x0001,0x0001,0x0001,0x0001,0x0001,0x0001,0x0001,0x0001,
    0x0001,0x0001,0x0001,0x0001,0x0001,0x0001,0x0001,0x0001,0x0001,0x0001,0x0001,0x0001,0x0001,0x0001,0x0001,0x0001,
    0x0001,0x0001,0x0001,0x0001,0x0001,0x0001,0x0001,0x0001,0x0001,0x0001,0x0001,0x94B3,0xFFFF,0xFFFF,0xDEBB,0x3987,
    0x0000,0x1022,0x0000,0x30E2,0x5166,0x0802,0x48E8,0x610A,0xA2A2,0xAAA5,0x1804,0x4120,0x89C5,0x2807,0x2026,0x0002,
    0x0821,0x0803,0x48C7,0x694B,0x68B4,0xC117,0x2808,0x0802,0x1023,0x2029,0x384C,0x2027,0x0000,0x0000,0x1860,0x20C2,
    0x3107,0x3089,0x1024,0x28C2,0x7A24,0x4922,0x0803,0x1004,0x1804,0x2806,0x3047,0x30E3,0x0000,0x1841,0x4886,0x1803,
    0x1821,0x38AC,0x000A,0x0006,0x0006,0x0008,0x0028,0x18C8,0x7BCF,0xFF35,0xF690,0xF715,0xB574,0x630E,0x5AAD,0x736F,
    0x294A,0x0007,0x0005,0x3966,0x3147,0x0842,0x0824,0x184B,0x5133,0x5935,0x288B,0x0806,0x0805,0x386A,0x60EB,0x7248,
    0x7BC6,0x4B04,0x2B26,0x2AE4,0x2AC4,0x1A23,0x0922,0x0902,0x10C2,0x1880,0x0840,0x8C71,0xFFFF,0xFFFF,0xDF1C,0x0001,
    0x0001,0x0001,0x0001,0x0001,0x0001,0x0001,0x0001,0x0001,0x0001,0x0001,0x0001,0x0001,0x0001,0x0001,0x0001,0x0001,
    0x0001,0x0001,0x0001,0x0001,0x0001,0x0001,0x0001,0x0001,0x0001,0x0001,0x0001,0x0001,0x0001,0x0001,0x0001,0x0001,
    0x0001,0x0001,0x0001,0x0001,0x0001,0x0001,0x0001,0x0001,0x0001,0x0001,0x0001,0x0001,0x0001,0x0001,0x0001,0x0001,
    0xAD75,0xFFFF,0xFFFF,0xD679,0x28E4,0x0000,0x0803,0x1063,0x2084,0x6184,0x28C2,0x58EB,0xCA39,0x714C,0x9A82,0xA223,
    0x2024,0x1881,0x9204,0x58A9,0x2026,0x1024,0x0003,0x1021,0x1005,0x50C7,0x7933,0xB176,0x400A,0x3829,0x3829,0x384C,
    0x1004,0x0000,0x1020,0x1840,0x28C3,0x48CB,0x8977,0x5892,0x1005,0x0000,0xA285,0xE429,0x40E2,0x2007,0x400A,0x480C,
    0x48C7,0x2081,0x0800,0x2061,0x3045,0x2022,0x408A,0x082C,0x0007,0x0009,0x1029,0x182D,0x0007,0x0868,0x316B,0xAD33,
    0xFF35,0xFF54,0xFFF8,0xFFD9,0xEF39,0x6B6F,0x1088,0x0008,0x0026,0x2104,0x0003,0x0003,0x0005,0x202E,0x182C,0x0005,
    0x0002,0x0004,0x0003,0x0000,0x6266,0x73C7,0x4385,0x6C48,0x2B05,0x3305,0x11A2,0x0102,0x0081,0x0081,0x0821,0x1800,
    0x50A2,0x0800,0x6BAE,0xFFFF,0xFFFF,0xEF7D,0x0001,0x0001,0x0001,0x0001,0x0001,0x0001,0x0001,0x0001,0x0001,0x0001,
    0x0001,0x0001,0x0001,0x0001,0x0001,0x0001,0x0001,0x0001,0x0001,0x0001,0x0001,0x0001,0x0001,0x0001,0x0001,0x0001,
    0x0001,0x0001,0x0001,0x0001,0x0001,0x0001,0x0001,0x0001,0x0001,0x0001,0x0001,0x0001,0x0001,0x0001,0x0001,0x0001,
    0x0001,0x0001,0x0001,0x0001,0x18E4,0xBDD7,0xFFFF,0xFFFF,0xCDB8,0x48C7,0x0000,0x0803,0x1883,0x51AA,0x2884,0x48C2,
    0x79AE,0xC21A,0x508C,0x3062,0xC343,0xB243,0x3886,0x0003,0x7A02,0x81E7,0x1806,0x2084,0x0005,0x0005,0x0802,0x2804,
    0x70F0,0xC23A,0x786E,0x586E,0x384A,0x0801,0x0000,0x0000,0x1840,0x5982,0x1843,0x1806,0x1805,0x1825,0x2005,0x2865,
    0x79C2,0xEC49,0xCB87,0x5904,0x48A5,0x7186,0xA2A5,0x5143,0x0820,0x2862,0x50A7,0x38AB,0x1850,0x0008,0x0009,0x000A,
    0x1027,0x286E,0x0009,0x0007,0x0889,0x294A,0x83D0,0xB593,0xC5D3,0xAD33,0x62CE,0x18AA,0x084A,0x0007,0x0006,0x1005,
    0x60C8,0xAA4D,0x9954,0x8998,0x925A,0x923A,0x8999,0x5072,0x0806,0x6206,0x9408,0x3368,0x32E6,0x2AE5,0x09C5,0x09C4,
    0x0102,0x0041,0x10A2,0x1041,0x0000,0x2861,0xC323,0x8A21,0x0000,0x5B4C,0xF7DF,0xFFFF,0xF7BE,0x632D,0x0001,0x0001,
    0x0001,0x0001,0x0001,0x0001,0x0001,0x0001,0x0001,0x0001,0x0001,0x0001,0x0001,0x0001,0x0001,0x0001,0x0001,0x0001,
    0x0001,0x0001,0x0001,0x0001,0x0001,0x0001,0x0001,0x0001,0x0001,0x0001,0x0001,0x0001,0x0001,0x0001,0x0001,0x0001,
    0x0001,0x0001,0x0001,0x0001,0x0001,0x0001,0x0001,0x0001,0x0001,0x39A5,0xC618,0xFFFF,0xFFFF,0xC614,0x1841,0x1002,
    0x0802,0x18A3,0x598C,0x48A9,0x0802,0x89B0,0xC218,0x4087,0x0003,0x6965,0xD404,0xA204,0x2826,0x0003,0x4142,0xB2E4,
    0x4086,0x3086,0x0825,0x0007,0x0004,0x1003,0x3829,0xBA38,0x9933,0x2069,0x0000,0x0000,0x0820,0x0000,0x5981,0x6A03,
    0x1042,0x1804,0x1805,0x2826,0x500B,0x3867,0x9A64,0xCB46,0xDBC8,0x9A23,0xB2C3,0xCB66,0xDB86,0x7A26,0x0800,0x4104,
    0x81EB,0x286F,0x000B,0x000A,0x000D,0x0827,0x0000,0x0007,0x002E,0x0008,0x0008,0x0849,0x10A9,0x210A,0x212A,0x20EA,
    0x10AA,0x0029,0x0008,0x180C,0x70F4,0xD27A,0xF434,0xCAEF,0x9157,0x58F3,0x58B3,0x60B5,0x6915,0x4890,0x30E6,0xA46C,
    0x2266,0x2309,0x01E5,0x0102,0x0143,0x0122,0x18A3,0x1825,0x0862,0x0821,0x1021,0x2841,0xCB83,0xBAE2,0x4081,0x0820,
    0x430C,0xEF9E,0xFFFF,0xFFDF,0x630D,0x0001,0x0001,0x0001,0x0001,0x0001,0x0001,0x0001,0x0001,0x0001,0x0001,0x0001,
    0x0001,0x0001,0x0001,0x0001,0x0001,0x0001,0x0001,0x0001,0x0001,0x0001,0x0001,0x0001,0x0001,0x0001,0x0001,0x0001,
    0x0001,0x0001,0x0001,0x0001,0x0001,0x0001,0x0001,0x0001,0x0001,0x0001,0x0001,0x0001,0x0001,0x0001,0x0001,0xD679,
    0xFFFF,0xFFFF,0xBCD5,0x5867,0x48A8,0x4946,0x28E2,0x59A8,0x48A8,0x0000,0x592C,0xBA38,0x2864,0x0000,0x0006,0x6963,
    0xD384,0x99E5,0x2866,0x0008,0x1064,0x92A2,0x81C5,0x2828,0x1846,0x0008,0x0008,0x0006,0x384D,0xB157,0x3868,0x0000,
    0x0000,0x0820,0x0020,0x0840,0x38A0,0x5900,0x38C2,0x3008,0x600E,0x680F,0x404A,0x5923,0xA284,0x6981,0x50E0,0x2060,
    0x5962,0x38C2,0x6963,0x9A47,0x1040,0x4085,0x7132,0x000F,0x000A,0x084C,0x000B,0x0003,0x0024,0x1025,0x082A,0x000A,
    0x18EB,0x18CC,0x0008,0x0029,0x004A,0x0028,0x0008,0x200E,0x7157,0xAA3E,0x99FB,0x68D2,0x382C,0x280A,0x280A,0x2008,
    0x1808,0x1006,0x0004,0x0000,0x7267,0x432A,0x0249,0x09E7,0x0164,0x00A1,0x08E3,0x2104,0x30C3,0x3887,0x1844,0x0803,
    0x3863,0x48A0,0xA2A3,0xC364,0x50E1,0x1841,0x0083,0x3B2C,0xEF9E,0xFFFF,0xFFDF,0x0001,0x0001,0x0001,0x0001,0x0001,
    0x0001,0x0001,0x0001,0x0001,0x0001,0x0001,0x0001,0x0001,0x0001,0x0001,0x0001,0x0001,0x0001,0x0001,0x0001,0x0001,
    0x0001,0x0001,0x0001,0x0001,0x0001,0x0001,0x0001,0x0001,0x0001,0x0001,0x0001,0x0001,0x0001,0x0001,0x0001,0x0001,
    0x0001,0x0001,0x0001,0x0001,0xB596,0xFFFF,0xFFFF,0xDCFB,0xB0F2,0xC22D,0xAAAA,0x89A7,0xAAE5,0x4125,0x0804,0x0003,
    0x99D3,0x814E,0x1020,0x0006,0x1027,0xA283,0xE444,0x8144,0x0808,0x0009,0x0005,0x5121,0x9A44,0x3047,0x2046,0x000B,
    0x002A,0x000E,0x8958,0x5089,0x0000,0x0000,0x0800,0x1061,0x0020,0x0840,0x2040,0x79A1,0x9A43,0x5902,0x58C7,0x7169,
    0x9266,0xDBE7,0x6983,0x1860,0x40E2,0x50C1,0x4080,0x3080,0x69A3,0xB2EC,0x3902,0x5068,0x4093,0x0010,0x104D,0x000E,
    0x0025,0x0821,0x0006,0x30A5,0x0005,0x000C,0x002A,0x002B,0x000B,0x000A,0x0009,0x180C,0x7157,0xAA1E,0x81B9,0x306F,
    0x100A,0x200B,0x282B,0x2028,0x1005,0x0806,0x0805,0x0805,0x0005,0x2047,0x72CE,0x0A2B,0x09A7,0x09C5,0x08C4,0x1884,
    0x2884,0x1863,0x0821,0x796A,0xBAEA,0x2883,0x4083,0x5922,0x50E1,0xCB84,0x81E3,0x2022,0x18C5,0x00E4,0x3B4D,0xEFBE,
    0xFFFF,0xF79E,0x0001,0x0001,0x0001,0x0001,0x0001,0x0001,0x0001,0x0001,0x0001,0x0001,0x0001,0x0001,0x0001,0x0001,
    0x0001,0x0001,0x0001,0x0001,0x0001,0x0001,0x0001,0x0001,0x0001,0x0001,0x0001,0x0001,0x0001,0x0001,0x0001,0x0001,
    0x0001,0x0001,0x0001,0x0001,0x0001,0x0001,0x0001,0x0001,0x0001,0x9CD3,0xFFFF,0xFFFF,0xFDBC,0xB9D0,0xAA8B,0x58E6,
    0x5862,0xAA43,0x5162,0x0002,0x0008,0x1049,0xB216,0x5089,0x0823,0x0009,0x2826,0xA222,0xB302,0x81A5,0x1848,0x084A,
    0x0029,0x1043,0x71C2,0x4086,0x2007,0x000C,0x000C,0x48B7,0x60ED,0x0000,0x0820,0x1041,0x0020,0x0820,0x1040,0x0000,
    0x1860,0x7181,0xAAA3,0xC2E4,0xD3C7,0xDC08,0xCB66,0x8A86,0x30C1,0x40A1,0x9267,0xB42E,0x6A68,0x81C3,0xDBC8,0xB2EC,
    0x4964,0x6089,0x7112,0x0830,0x0830,0x0011,0x102A,0x388E,0x60F5,0x50D0,0x202C,0x0810,0x000D,0x000B,0x000B,0x080B,
    0x6115,0xA21D,0x7979,0x304E,0x180A,0x280B,0x2829,0x1006,0x0804,0x202C,0x384F,0x1009,0x0808,0x202C,0x388F,0x40E9,
    0x5270,0x0188,0x0903,0x1904,0x28A4,0x2043,0x1022,0x0002,0x0003,0x1003,0x58E5,0x38A5,0x8206,0x6148,0x3083,0xD3C7,
    0x9A44,0x1821,0x1862,0x08C3,0x0165,0x43EE,0xF7BE,0xFFFF,0xE73C,0x0001,0x0001,0x0001,0x0001,0x0001,0x0001,0x0001,
    0x0001,0x0001,0x0001,0x0001,0x0001,0x0001,0x0001,0x0001,0x0001,0x0001,0x0001,0x0001,0x0001,0x0001,0x0001,0x0001,
    0x0001,0x0001,0x0001,0x0001,0x0001,0x0001,0x0001,0x0001,0x0001,0x0001,0x0001,0x0001,0x0001,0x0001,0x8C11,0xFFFF,
    0xFFFF,0xEE5A,0xB2E8,0x5163,0x4005,0x80E9,0xA245,0x5184,0x206B,0x286D,0x082A,0x308A,0xCAD9,0x2027,0x0008,0x0810,
    0x6128,0xCB63,0xC302,0x6086,0x000C,0x106C,0x082A,0x0008,0x5161,0x58E6,0x1809,0x000D,0x1834,0x7134,0x0000,0x0000,
    0x0820,0x0820,0x0820,0x2060,0x1020,0x2060,0x2040,0x50E0,0x81C1,0xAA82,0xC304,0xBB26,0x38C1,0x1000,0x61A5,0xA40F,
    0xBD55,0xC491,0x9A06,0xB286,0xC345,0xAAC9,0x2084,0x4868,0x8171,0x38D0,0x0012,0x206F,0x6114,0x40AF,0x408E,0x7137,
    0x81B8,0x4893,0x0010,0x000D,0x30B1,0x921B,0x8198,0x284D,0x0808,0x202A,0x2028,0x0806,0x200C,0x4091,0x080A,0x81D7,
    0x7177,0x200F,0x4874,0x68F8,0x9218,0x512C,0x420D,0x0125,0x20A1,0x4087,0x1843,0x0002,0x0004,0x0805,0x0805,0x0004,
    0x0803,0x3085,0x8A05,0x48C7,0x2022,0xD3C7,0xBB25,0x3882,0x0821,0x1884,0x0124,0x0186,0x5C4F,0xFFFF,0xFFFF,0xD6BA,
    0x0001,0x0001,0x0001,0x0001,0x0001,0x0001,0x0001,0x0001,0x0001,0x0001,0x0001,0x0001,0x0001,0x0001,0x0001,0x0001,
    0x0001,0x0001,0x0001,0x0001,0x0001,0x0001,0x0001,0x0001,0x0001,0x0001,0x0001,0x0001,0x0001,0x0001,0x0001,0x0001,
    0x0001,0x0001,0x0001,0x6B4D,0xFFFF,0xFFFF,0xD659,0x48C5,0x50A2,0x6104,0x7107,0x71C5,0x3922,0x0003,0x40F2,0x6956,
    0x48B3,0x89D2,0x99B2,0x284C,0x286E,0x1830,0x58C8,0xCB82,0xA2A2,0x8166,0x180F,0x0806,0x0825,0x000A,0x30C3,0x5925,
    0x0009,0x000E,0x50D6,0x38A7,0x0000,0x1021,0x0820,0x0841,0x0820,0x1841,0x2860,0x40C1,0x5121,0x48C0,0x7981,0x9201,
    0x9202,0xA2C5,0x6183,0x8A25,0x8205,0xAAA9,0xBAE9,0xC286,0x89A4,0x9263,0xC325,0x9A89,0x1022,0x4047,0x9191,0x2874,
    0x1833,0x2851,0x0805,0x0003,0x202C,0x4071,0x182B,0x202E,0x0811,0x0810,0x6154,0x388E,0x0806,0x1807,0x1826,0x1008,
    0x304E,0x100C,0x7977,0x7977,0x100F,0xA25B,0x919A,0x8159,0xCB3E,0xBADD,0x9A19,0x592E,0x314A,0x30E5,0x2042,0x1003,
    0x0003,0x0805,0x302C,0x388D,0x0806,0x0806,0x0823,0x3923,0x60E8,0x2825,0x3046,0xAAA6,0xB2C2,0x5086,0x0803,0x2063,
    0x08C4,0x0104,0x0247,0x7CCF,0xFFFF,0xFFFF,0xC638,0x0001,0x0001,0x0001,0x0001,0x0001,0x0001,0x0001,0x0001,0x0001,
    0x0001,0x0001,0x0001,0x0001,0x0001,0x0001,0x0001,0x0001,0x0001,0x0001,0x0001,0x0001,0x0001,0x0001,0x0001,0x0001,
    0x0001,0x0001,0x0001,0x0001,0x0001,0x0001,0x0001,0x0001,0x4208,0xF79E,0xFFFF,0xEEDC,0x58E6,0x5084,0x60A6,0x7A26,
    0x5163,0x3063,0x2025,0x508C,0x3829,0x1005,0x0005,0xA1F1,0x818C,0x308D,0x50D1,0x404E,0x48EB,0x8A89,0x79C4,0x4868,
    0x1008,0x0003,0x0003,0x0004,0x1824,0x4084,0x000E,0x0814,0x58D2,0x1001,0x0000,0x1822,0x1001,0x1021,0x0820,0x1020,
    0x6142,0x9A64,0xA2A4,0x7160,0x7981,0xA263,0xAAA4,0xA242,0xD3A6,0xF48A,0xDBA7,0xB264,0x89C3,0x3081,0x38A1,0xBB04,
    0xDBC9,0x826A,0x0000,0x58AA,0x58D5,0x1013,0x1007,0x180D,0x1027,0x2846,0x4893,0xBA3C,0x280D,0x2014,0x3059,0x2875,
    0x000C,0x0809,0x1826,0x0804,0x0006,0x6935,0xC33E,0x6098,0xA23B,0x5895,0x5057,0xBAFD,0xDBDE,0xC31D,0xCBBD,0xC2FD,
    0xB29B,0x48CB,0x40E7,0x1001,0x0803,0x200A,0x304D,0x1008,0x8196,0x58D3,0x0807,0x1006,0x0002,0x5184,0x4888,0x0002,
    0x0002,0x81E4,0xCBA4,0xB207,0x4068,0x0000,0x1861,0x0083,0x0987,0x1A03,0xACF0,0xFFFF,0xFFFF,0x9CF3,0x0001,0x0001,
    0x0001,0x0001,0x0001,0x0001,0x0001,0x0001,0x0001,0x0001,0x0001,0x0001,0x0001,0x0001,0x0001,0x0001,0x0001,0x0001,
    0x0001,0x0001,0x0001,0x0001,0x0001,0x0001,0x0001,0x0001,0x0001,0x0001,0x0001,0x0001,0x0001,0x2145,0xDEBA,0xFFFF,
    0xEF7D,0x8269,0x7A24,0x3922,0x0803,0x4145,0x48E5,0x3046,0xA8B8,0xC8FC,0xC0FB,0x3087,0x0823,0xBA14,0x3886,0x1844,
    0x7A65,0x4924,0x5125,0x59A7,0x79A5,0x79A5,0x0003,0x1024,0x4144,0x1885,0x100A,0x1829,0x1033,0x1014,0x58D2,0x1801,
    0x0801,0x1822,0x1822,0x1822,0x0820,0x0800,0x4922,0x9B05,0x9326,0x6161,0x48E0,0x9202,0xBAE4,0xAAA3,0x9A42,0xC345,
    0xCBA6,0xCB86,0xC3A8,0x8AA6,0x7204,0xBB46,0x8A05,0x4906,0x0801,0x78CF,0x70F7,0x288D,0x1845,0x0004,0x28A5,0x30A6,
    0x4872,0xBA3D,0x380F,0x202D,0x182F,0x2834,0x2856,0x2015,0x182D,0x0005,0x48D3,0x91BA,0x9A3A,0xAA3D,0x899A,0xB2FC,
    0xC2FE,0xD3DD,0xA21B,0xB31D,0xA9FC,0xC29D,0x89D8,0x3869,0x40E3,0x2848,0x8195,0x9A18,0x7957,0x280F,0xAA9A,0x99F9,
    0x302D,0x0807,0x0804,0x38E5,0x1003,0x0804,0x0003,0x60E6,0xC326,0x68E6,0x9970,0x3865,0x0821,0x18A3,0x00C4,0x01C6,
    0x42E4,0xE636,0xFFFF,0xFFFF,0x73AE,0x0001,0x0001,0x0001,0x0001,0x0001,0x0001,0x0001,0x0001,0x0001,0x0001,0x0001,
    0x0001,0x0001,0x0001,0x0001,0x0001,0x0001,0x0001,0x0001,0x0001,0x0001,0x0001,0x0001,0x0001,0x0001,0x0001,0x0001,
    0x0001,0x0001,0x0001,0xAD75,0xFFFF,0xFFFF,0xBD10,0xABC5,0x7B05,0x1004,0x382B,0x70EB,0xA1ED,0x88B2,0x8835,0x8876,
    0x90F5,0x694F,0x698E,0xA155,0x624C,0x5208,0x7245,0x9224,0xAA62,0xA2A1,0x7904,0x4047,0x2843,0x4147,0x7225,0x2065,
    0x1810,0x1835,0x1815,0x1815,0x3876,0x4068,0x0800,0x1001,0x2824,0x2823,0x1821,0x0000,0x0000,0x69E1,0x61A1,0x4921,
    0x2820,0x6121,0x8A02,0xAAA3,0xAA83,0xA262,0xBB25,0xD3E8,0xE46B,0xA306,0x4902,0x30C1,0x1000,0x3044,0x1022,0x4069,
    0x8110,0x5129,0x7205,0x3104,0x0804,0x1825,0x4892,0xB23D,0x3830,0x0805,0x0004,0x1009,0x182A,0x100B,0x182D,0x0007,
    0x7998,0x68D7,0xAA7B,0x91FA,0x7137,0xCB7D,0xDC5D,0xE45E,0xAA3B,0xCB5D,0x7957,0x4032,0x280C,0x1808,0x2826,0xA1F8,
    0xBA5C,0xCB1C,0x9179,0x919A,0xC2DC,0xD33D,0x50B0,0x0806,0x0805,0x0843,0x0003,0x0006,0x0006,0x40C6,0xD367,0x79C4,
    0x690B,0xA1F0,0x1824,0x1041,0x10C3,0x01A7,0x2327,0x8265,0xDE7A,0xFFFF,0xF7BE,0x0001,0x0001,0x0001,0x0001,0x0001,
    0x0001,0x0001,0x0001,0x0001,0x0001,0x0001,0x0001,0x0001,0x0001,0x0001,0x0001,0x0001,0x0001,0x0001,0x0001,0x0001,
    0x0001,0x0001,0x0001,0x0001,0x0001,0x0001,0x0001,0x0001,0x73CF,0xFFFF,0xFFFF,0xE635,0xBBC5,0x9B66,0x1000,0x404A,
    0x588E,0xC07C,0xA8F2,0x91EC,0x384A,0x384B,0x7072,0xB89C,0x98B8,0x586C,0x834C,0xE677,0x9411,0x40A5,0xA2E5,0xA2A2,
    0x60A5,0x3066,0x38A5,0x1865,0x2084,0x0825,0x3834,0x487A,0x383B,0x383C,0x383B,0x4059,0x304F,0x300A,0x586C,0x3886,
    0x1001,0x1041,0x0000,0x3101,0x8AA2,0x1060,0x3080,0x40A0,0x40C1,0x6141,0x81E2,0x81C2,0x4901,0x4922,0x4122,0x2081,
    0x1041,0x0000,0x0000,0x5927,0x2044,0x382A,0x5045,0x9985,0x8145,0x8185,0x71C7,0x28E5,0x4893,0xC23E,0x3831,0x1846,
    0x1024,0x1026,0x0804,0x0804,0x1828,0x0807,0x6936,0x70F8,0xDC5E,0x5896,0x79B8,0xAA1C,0xC2FD,0x899A,0x7137,0x3811,
    0x280F,0x280F,0x180C,0x100A,0x7114,0x9197,0x68B5,0xAA3B,0xC2BD,0xE45E,0xD39E,0x8957,0x1009,0x0806,0x0007,0x080A,
    0x200E,0x58D4,0x7138,0x404D,0xC306,0xB2A1,0x6904,0x58CC,0x998F,0x0802,0x2083,0x0105,0x01E7,0x6A86,0x6188,0xE75D,
    0xFFFF,0xD69A,0x0001,0x0001,0x0001,0x0001,0x0001,0x0001,0x0001,0x0001,0x0001,0x0001,0x0001,0x0001,0x0001,0x0001,
    0x0001,0x0001,0x0001,0x0001,0x0001,0x0001,0x0001,0x0001,0x0001,0x0001,0x0001,0x0001,0x0001,0x39E8,0xF79E,0xFFFF,
    0xF73B,0x9AE4,0x9325,0x20A0,0x382B,0x386B,0x608C,0xA0B7,0x6011,0x3868,0x50C7,0x2006,0x7034,0xC0BE,0x7814,0x8B6F,
    0xDE57,0xE677,0xFF5B,0xC513,0x7A04,0xAAE2,0x8965,0x1822,0x4903,0x1024,0x3925,0x2084,0x0825,0x1847,0x204C,0x4832,
    0x6836,0x4034,0x2833,0x3016,0x4894,0x48AA,0x3045,0x1841,0x0801,0x20C1,0x6243,0x0000,0x2060,0x6162,0x5921,0x3860,
    0x3040,0x3080,0x1020,0x0000,0x0000,0x0000,0x0000,0x0800,0x38A0,0x7987,0x2886,0x2007,0x1023,0x48A0,0xA125,0x80E5,
    0x8082,0xB9A5,0xA28E,0x8A15,0x280E,0x4964,0x4105,0x6164,0x3065,0x3084,0x1006,0x0807,0x180D,0x68F7,0xB2BC,0xAABC,
    0x793B,0x9A5A,0x4853,0x5896,0x4014,0x200F,0x3832,0x897A,0x8979,0x4012,0x9A19,0x4851,0x7956,0xD35E,0xC2DD,0xA239,
    0x60F3,0x200D,0x100C,0x280F,0x60F6,0x9A1C,0xC2DF,0xBAFE,0x7157,0x386C,0xBAA8,0xB2A3,0x7105,0x0000,0x710E,0x710F,
    0x0803,0x1083,0x0124,0x62C8,0x3862,0x52CB,0xFFFF,0xFFFF,0x9CD3,0x0001,0x0001,0x0001,0x0001,0x0001,0x0001,0x0001,
    0x0001,0x0001,0x0001,0x0001,0x0001,0x0001,0x0001,0x0001,0x0001,0x0001,0x0001,0x0001,0x0001,0x0001,0x0001,0x0001,
    0x0001,0x0001,0x0001,0xCE59,0xFFFF,0xFFDF,0xCC6A,0xAB23,0x3941,0x2006,0x6070,0x3908,0xA271,0x8073,0x6030,0x2829,
    0x2004,0x504E,0x80D5,0x78F2,0x830E,0xF77B,0xFF7C,0xE698,0xCD72,0x8AC7,0x9A29,0x6144,0x5067,0x1843,0x40E4,0x1044,
    0x6A45,0x38E5,0x2064,0x40E6,0x482F,0xA175,0xDB92,0x8093,0x302E,0x1027,0x1029,0x302B,0x508A,0x3043,0x1021,0x1040,
    0x4982,0x0000,0x0820,0x38C1,0x69A2,0x79A2,0x5921,0x40A0,0x48C0,0x3080,0x1840,0x1820,0x2040,0x38A0,0x7160,0x8164,
    0x38A6,0x0804,0x1865,0x2880,0x60C0,0xDB44,0xAA66,0x6001,0x98A1,0xCB4A,0x62AB,0x4964,0x30C4,0x7A24,0x38A4,0x4904,
    0x2867,0x0807,0x100C,0x9259,0x68D8,0x89BA,0xC33D,0x8159,0x5896,0xB29C,0xBABD,0x91BA,0x7939,0xBABC,0xE39E,0x70B6,
    0x9238,0xA1FA,0x91F8,0x7175,0x3010,0x180E,0x2811,0x60B6,0xA25C,0xC31F,0xBADE,0x81F8,0x3891,0x0809,0x0807,0x0002,
    0x8188,0xCBA5,0x99C7,0x38AC,0x0006,0x898F,0x48A7,0x0000,0x00C4,0x4245,0x5982,0x3102,0x9CF3,0xFFFF,0xFFFF,0x0001,
    0x0001,0x0001,0x0001,0x0001,0x0001,0x0001,0x0001,0x0001,0x0001,0x0001,0x0001,0x0001,0x0001,0x0001,0x0001,0x0001,
    0x0001,0x0001,0x0001,0x0001,0x0001,0x0001,0x0001,0x0001,0x8410,0xFFFF,0xFFFF,0xE5F1,0xDC26,0x7A84,0x0801,0x60B0,
    0x3008,0x82CA,0xC316,0x9017,0x9076,0x7071,0x6853,0xA89A,0x88F4,0x8BCC,0xC5B3,0xC552,0x8B09,0x7A24,0x6141,0x3880,
    0x7984,0x9A6C,0x506A,0x1827,0x3069,0x1808,0x2066,0x1007,0x1005,0x30A5,0x480E,0xA174,0xF471,0x98D5,0x3830,0x0825,
    0x30A5,0x71C4,0x482B,0x3046,0x1020,0x1021,0x2081,0x0000,0x0000,0x2860,0x5142,0x7A45,0x9AC5,0x9A42,0x7160,0x6961,
    0x6141,0x5921,0x5920,0x50E0,0x89E2,0x9202,0x3082,0x0000,0x1005,0x2865,0x4902,0xA2A0,0xF4C1,0xC2E8,0x5803,0x9000,
    0xE2C8,0xB34E,0x69C9,0x6A05,0x4124,0x6A25,0x30A7,0x0008,0x302F,0xAABC,0x4093,0x180F,0x7177,0x6937,0xA21B,0x78F8,
    0xAA7B,0xD35E,0xDB5D,0xE43E,0xBABB,0x302F,0x4070,0x7976,0x280F,0x180F,0x58D5,0xA1FB,0xCB1F,0xBA9D,0x89F8,0x40B2,
    0x100B,0x0809,0x200B,0x3830,0x3853,0x1809,0x7166,0xCB44,0xA222,0x79D1,0x4956,0x1805,0x89AB,0x2044,0x00A3,0x3A07,
    0x48E3,0x9326,0x6A88,0xCE79,0xFFFF,0xDEFB,0x0001,0x0001,0x0001,0x0001,0x0001,0x0001,0x0001,0x0001,0x0001,0x0001,
    0x0001,0x0001,0x0001,0x0001,0x0001,0x0001,0x0001,0x0001,0x0001,0x0001,0x0001,0x0001,0x0001,0x39C7,0xF79E,0xFFFF,
    0xEED8,0xB323,0xBBE7,0x1040,0x484D,0x402C,0x2845,0x9188,0x50C6,0x989A,0x70F2,0x88B5,0xC8DF,0xB8DE,0x606E,0x8AC5,
    0x9A64,0x81E2,0x79A0,0x7181,0x6140,0x5100,0x48A0,0xAA6B,0x4909,0x380E,0x8999,0x895A,0x78D7,0x7917,0x7936,0x6153,
    0x58F3,0x7095,0x8096,0x6896,0x304F,0x206B,0x6146,0xA2E4,0x4888,0x4885,0x1801,0x0801,0x0800,0x1022,0x0803,0x1840,
    0x4921,0x61A3,0x7224,0xB326,0x9A63,0x89E2,0x9A22,0xAAA4,0x71A1,0x6961,0xA263,0x8A02,0x40C0,0x20A1,0x0000,0x1823,
    0x2847,0x2843,0x7200,0xF521,0xE366,0x5022,0x8800,0xE9A7,0xDB2B,0xAA6A,0xD38A,0xDC0F,0x9B0E,0x2109,0x3050,0x7158,
    0x100C,0x100A,0x080A,0x100E,0x7999,0xAA7B,0xB23C,0xBA7C,0xBADB,0xBADB,0x3010,0x080D,0x2810,0x5895,0x99FC,0xC2BE,
    0xC31E,0x8198,0x4091,0x200D,0x200E,0x4012,0x6076,0x88BC,0x703B,0x5816,0x280D,0x0004,0x7147,0xCBC6,0x8163,0x2805,
    0x390F,0x5156,0x3089,0x7949,0x0022,0x2127,0x38A3,0x9B45,0xC449,0x62EB,0xF7BE,0xFFFF,0x9CD3,0x0001,0x0001,0x0001,
    0x0001,0x0001,0x0001,0x0001,0x0001,0x0001,0x0001,0x0001,0x0001,0x0001,0x0001,0x0001,0x0001,0x0001,0x0001,0x0001,
    0x0001,0x0001,0x0001,0xB5B6,0xFFFF,0xFFDE,0xAB88,0x92A3,0x4141,0x2006,0x6870,0x1043,0x6969,0x6865,0x38A0,0x50C8,
    0x38C2,0x50E6,0x7892,0x7090,0x5164,0xAB06,0xAAC6,0x8A23,0x81E3,0x71A0,0x5900,0x50E1,0x3880,0x7926,0x71AC,0x2849,
    0x488E,0x40AD,0x5111,0x58F0,0x6931,0xAA35,0xB233,0x9A11,0xA271,0x91B0,0x692B,0x5109,0x50E8,0x5145,0x8905,0x5800,
    0x2001,0x1822,0x0800,0x1807,0x1004,0x0840,0x38C1,0x5962,0x6A04,0x7245,0xB306,0xAAA4,0xAA83,0x9A21,0x9202,0x9201,
    0xB2E4,0x89E1,0x48A0,0x4101,0x30E1,0x0821,0x1822,0x5969,0x590A,0x6945,0xD460,0xE3A3,0x6820,0x8800,0xD145,0x8145,
    0xB125,0xC229,0xB947,0xDC16,0x59ED,0x0809,0x080A,0x100A,0x100A,0x4073,0x6899,0xAA3C,0x91D9,0x3010,0x3812,0x68B8,
    0x5875,0xA23C,0xCAFF,0xC2BE,0x89D8,0x4072,0x180D,0x200F,0x4033,0x6079,0x807D,0x783B,0x4835,0x200C,0x0006,0x0004,
    0x0823,0x0000,0x38A3,0xC365,0xB2C3,0x7965,0x0000,0x30EE,0x5175,0x58EA,0x38A5,0x30E6,0x1821,0x7AA5,0xE50B,0x8AE8,
    0x94D3,0xFFFF,0xFFDF,0x0001,0x0001,0x0001,0x0001,0x0001,0x0001,0x0001,0x0001,0x0001,0x0001,0x0001,0x0001,0x0001,
    0x0001,0x0001,0x0001,0x0001,0x0001,0x0001,0x0001,0x0001,0x630C,0xFFFF,0xFFFF,0xD592,0x8202,0x61C3,0x0801,0x6090,
    0x2808,0x3982,0x7927,0x4841,0x38C0,0x5140,0x79E2,0x79E0,0x5122,0x71AC,0x92A7,0x9A6B,0x79C8,0x7188,0x712B,0x6123,
    0x6108,0x714D,0x3060,0x50A3,0x896D,0x8246,0x92A7,0x8A65,0x8A87,0x7A25,0x59A3,0x50E4,0x50A5,0x2882,0x3082,0x1820,
    0x1061,0x79A7,0x7906,0xA127,0x9801,0x5000,0x1800,0x1800,0x1001,0x406B,0x1024,0x1820,0x28A1,0x4122,0x59A3,0x69E4,
    0xCB86,0xCB66,0xB2C4,0xB2C4,0xAA83,0xA262,0xC346,0x89C1,0x5100,0x4901,0x71E2,0x1020,0x2081,0x5125,0xAB0B,0x91CF,
    0x81AB,0xAB43,0xAAA2,0x6820,0xA000,0xC883,0x8821,0xA1C9,0x8000,0xDA0B,0xF470,0xBC4E,0x498A,0x1009,0x100A,0x4092,
    0xA1FC,0x58B6,0x1811,0x4894,0x919A,0xBAFE,0xB23C,0x81D8,0x40B2,0x280E,0x3010,0x6076,0x6058,0x4856,0x3832,0x200E,
    0x1009,0x0004,0x0006,0x202A,0x5091,0x7896,0x2029,0x0003,0x48E3,0xDB86,0x9242,0x70E6,0x1003,0x0000,0x288A,0x5994,
    0x40C8,0x2883,0x1002,0x28C2,0xB387,0xBBC8,0x6AA7,0xDEDB,0xFFFF,0xC638,0x0001,0x0001,0x0001,0x0001,0x0001,0x0001,
    0x0001,0x0001,0x0001,0x0001,0x0001,0x0001,0x0001,0x0001,0x0001,0x0001,0x0001,0x0001,0x0001,0x18E4,0xD6BA,0xFFFF,
    0xF75B,0xA2E4,0x8243,0x1840,0x408C,0x384B,0x1061,0x7A67,0xC3CA,0x5101,0x2860,0x5920,0x71A1,0x7183,0x796D,0x9232,
    0x920E,0x81ED,0x6946,0x81CF,0x9A95,0x81B2,0x9234,0x9AB4,0x3082,0x3841,0x88CE,0x3083,0x28A2,0x2062,0x1841,0x1862,
    0x1862,0x1021,0x20A4,0x10A3,0x0000,0x1063,0x99CA,0x90A4,0x78C3,0xD884,0x9001,0x2000,0x4000,0x2800,0x384B,0x6052,
    0x0803,0x28A0,0x30C1,0x3080,0x61C3,0x4963,0x8A44,0xCB86,0xBB04,0xAAA3,0x9A21,0xBB04,0xBB25,0x81A1,0x81C2,0x6961,
    0x7A43,0x5121,0x1820,0x40E3,0x69A8,0x58AF,0x40AA,0x3085,0x7206,0xB263,0x7840,0xA801,0xA802,0x9907,0x6000,0xCB65,
    0xCBA8,0xECAA,0xE3D1,0x6A0C,0x0809,0x2010,0x5077,0x817A,0xB29D,0xB2BD,0x8199,0x48B3,0x300F,0x3011,0x5856,0x709A,
    0x7059,0x5034,0x100A,0x0004,0x0003,0x1828,0x404E,0x7854,0xB8B8,0xE0DA,0xC099,0xA039,0x302A,0x0005,0x2002,0xB286,
    0x9283,0x8906,0x1842,0x0002,0x1005,0x308A,0x410D,0x0000,0x384A,0x1003,0x59A2,0xBB66,0x92E5,0x7BAE,0xFFFF,0xFFFF,
    0x6B4D,0x0001,0x0001,0x0001,0x0001,0x0001,0x0001,0x0001,0x0001,0x0001,0x0001,0x0001,0x0001,0x0001,0x0001,0x0001,
    0x0001,0x0001,0x0001,0x7BEF,0xFFFF,0xFFFF,0xCCED,0x9AE3,0x4181,0x1824,0x5890,0x0802,0x6A05,0xDB89,0xBAE6,0x3080,
    0x2860,0x4901,0x5100,0x718A,0x58E9,0x8A50,0x89D2,0x716D,0xA276,0xCB9A,0xA2D6,0x9274,0x79AF,0x698C,0x2820,0x3041,
    0x806E,0x2084,0x28C4,0x3106,0x28E5,0x28C4,0x1082,0x0000,0x1882,0x4147,0x6127,0xC22C,0xA063,0x3800,0xB0A4,0xD002,
    0x4800,0x3800,0x6820,0x3006,0x8132,0x714E,0x1806,0x2882,0x6202,0x5962,0x48E1,0x4943,0x7A23,0xC345,0xC345,0xA242,
    0xAA82,0xC346,0xBB05,0x9221,0x89E2,0x7A03,0x8AC3,0x7A01,0x2841,0x30A4,0x40A7,0x404D,0x0802,0x1840,0x3043,0x4124,
    0x6162,0x6000,0xB842,0xD243,0x6000,0xC363,0xB369,0xCBA4,0xA245,0xCBCD,0x61CF,0x89BA,0xC2BE,0x921A,0x4894,0x2811,
    0x3012,0x3834,0x6899,0x6057,0x3030,0x100A,0x0006,0x0827,0x404E,0x1027,0x1027,0x7835,0xA859,0xE978,0x916C,0xA18E,
    0xF1F2,0xD8D2,0x404C,0x0806,0x2861,0xD427,0xAB04,0x7902,0x2043,0x282B,0x302C,0x0002,0x1844,0x1023,0x2007,0x406B,
    0x1041,0x8264,0xB326,0x72A7,0xBDF8,0xFFFF,0xDEDB,0x0001,0x0001,0x0001,0x0001,0x0001,0x0001,0x0001,0x0001,0x0001,
    0x0001,0x0001,0x0001,0x0001,0x0001,0x0001,0x0001,0x0001,0x2945,0xE73C,0xFFFF,0xF719,0xB384,0x82A4,0x0820,0x48CD,
    0x3029,0x3164,0xA266,0xB283,0x40C0,0x1020,0x38A0,0x38A0,0x2840,0x4085,0x48A7,0xA295,0x718E,0x69AE,0x9A76,0x9A94,
    0x590B,0x696D,0x3024,0x50E9,0x614B,0x2801,0x688B,0x20A4,0x20A4,0x20C4,0x28C4,0x1041,0x1001,0x8A6F,0xC24E,0xB148,
    0xD189,0xB0A3,0x3800,0x6841,0xE864,0x9801,0x2800,0x7000,0x4801,0x81ED,0xBB8C,0x826D,0x300A,0x2826,0x4962,0x9386,
    0x8264,0x9A43,0xAAA3,0xA283,0xC346,0xAA83,0xBB05,0xD3E7,0xBB04,0xC324,0x9A83,0x7A22,0x9323,0x7A43,0x5901,0x48C7,
    0x2847,0x2847,0x0821,0x1021,0x38E0,0x5920,0x9B21,0xA280,0x7000,0xF562,0xA1E0,0xA261,0xB386,0xB341,0x7240,0xB229,
    0xE393,0x61CE,0x280E,0x2810,0x180E,0x202A,0x282D,0x180A,0x0808,0x0807,0x2829,0x606E,0x88B5,0x9078,0xA05B,0x202A,
    0x1828,0x8034,0xC8F3,0x9208,0x0000,0x0041,0xCB6B,0xFAEE,0x488A,0x0806,0x1001,0x99C4,0xAB04,0x4043,0x1804,0x608D,
    0xC8F6,0x302A,0x2843,0x8A2B,0x1884,0x586E,0x2828,0x38E0,0xB346,0xB387,0x7B8D,0xF7BF,0xFFFF,0x7C10,0x0001,0x0001,
    0x0001,0x0001,0x0001,0x0001,0x0001,0x0001,0x0001,0x0001,0x0001,0x0001,0x0001,0x0001,0x0001,0x0001,0x8C51,0xFFFF,
    0xFFFF,0xB429,0x8A82,0x3101,0x2007,0x484D,0x1883,0x6A25,0xAA66,0x89C2,0x2041,0x0800,0x2040,0x40E1,0x7A25,0x8244,
    0x50E7,0x696E,0x694C,0x79B1,0x58CB,0x2821,0x48C7,0x7971,0x9274,0x7A32,0x516B,0x3022,0x5889,0x1062,0x1862,0x1041,
    0x0821,0x0000,0x78C7,0xD929,0xD0C6,0x9000,0xC042,0x7000,0x4800,0xA823,0xF085,0x5800,0x5000,0x8800,0x48A7,0xC3CD,
    0xD42B,0x610E,0x3049,0x6989,0x2041,0x61A1,0xA365,0x9B06,0xA284,0xB2E4,0xC325,0xAA83,0xA242,0xBB05,0xCB66,0xB345,
    0x9324,0x7223,0x7A83,0x79C2,0x81C1,0x38A2,0x610C,0x1809,0x1806,0x0002,0x0000,0x40E0,0xCBC0,0xFE42,0x9241,0xBBA1,
    0xDC61,0xBB62,0x8A61,0xAA60,0x6142,0x4869,0xC226,0xB3AE,0x204B,0x3831,0x180A,0x0808,0x0003,0x0004,0x5050,0x9859,
    0xD136,0xFBD1,0xFA73,0xC894,0x9837,0x302B,0x2028,0xA053,0xF2EF,0x4923,0x0000,0x0000,0xA2E5,0xFB8D,0x4869,0x0806,
    0x2021,0xD3A5,0xC3A4,0x91E4,0x6147,0x590B,0xFA72,0xB0B0,0x3827,0xBA91,0x7A69,0x1004,0x588E,0x1002,0x69E4,0x7223,
    0x6A66,0xB5B6,0xFFFF,0xE73C,0x0001,0x0001,0x0001,0x0001,0x0001,0x0001,0x0001,0x0001,0x0001,0x0001,0x0001,0x0001,
    0x0001,0x0001,0x0001,0x2965,0xEF3C,0xFFFF,0xCDF6,0x6A23,0x69E2,0x28A1,0x406C,0x2006,0x5A44,0x8226,0xBAA6,0x81E2,
    0x2040,0x1821,0x8224,0xDBE9,0xEC4B,0xAAC6,0x50EA,0x718F,0x590C,0x718F,0x7190,0x81F0,0x81B0,0x71AF,0x61CC,0x30A4,
    0x1000,0x3043,0x4066,0x0841,0x20A3,0x0820,0x1082,0x8188,0x8883,0x7800,0xC001,0xB802,0xB802,0x6000,0x7000,0xE065,
    0xB843,0x3000,0xA801,0x7001,0x824C,0xA2CE,0x5148,0x0802,0x30E3,0x928A,0x48C8,0x2841,0x61A2,0x8347,0xA3A7,0xB3A6,
    0xB365,0xB345,0xB325,0xA2C3,0x9B05,0x7A63,0x71A1,0x9B65,0x82C4,0x8A23,0x9A43,0x38C0,0x6149,0x7170,0x1864,0x1844,
    0x1826,0x2044,0x2880,0xC3E1,0xFE02,0xA2A1,0xCBE1,0xE503,0xAB28,0x8820,0x6062,0x4905,0x48E0,0xDC2E,0x9AB2,0x1886,
    0x300E,0x302F,0x0806,0x1827,0x8815,0xB8B5,0xF2AE,0x9B66,0x5144,0xC98E,0xC8B5,0x404C,0x2028,0xA090,0xC1CA,0x1840,
    0x0000,0x0800,0xA1A7,0xE130,0x402B,0x1007,0x2062,0xAA65,0xB345,0x58A3,0x3027,0x482B,0xE132,0x5103,0x0000,0x4067,
    0xC34D,0x2102,0x2808,0x594A,0x9307,0xBCEB,0x72A5,0x5A47,0xF7DF,0xFFFF,0x8410,0x0001,0x0001,0x0001,0x0001,0x0001,
    0x0001,0x0001,0x0001,0x0001,0x0001,0x0001,0x0001,0x0001,0x0001,0x8410,0xFFFF,0xF7DF,0x82E8,0xE5F0,0xEE30,0x79E2,
    0x3884,0x28E3,0x8A86,0x3063,0x7964,0x81C1,0x6962,0xAAE6,0xD387,0xB2E4,0x89E2,0x3080,0x1801,0x618C,0x9255,0x81F3,
    0x9234,0x5109,0x48C5,0x3883,0x1800,0x2040,0x1800,0x4886,0x1842,0x0841,0x1041,0x0821,0xBA4B,0xE9A8,0x8800,0x7021,
    0xD023,0xE823,0x9801,0x5800,0xA042,0xF8C6,0x7001,0x4800,0xC002,0x8146,0x92CC,0x2885,0x0000,0x0000,0x0000,0x2083,
    0x48CA,0x71C7,0x40A0,0x59A2,0x9345,0x9B65,0x82A3,0x8264,0x7A64,0x7203,0x7203,0x9243,0xB345,0x9366,0x8243,0xA283,
    0x9222,0x4101,0x1806,0x616A,0x28A0,0x8268,0x30A8,0x58E8,0x1824,0x1820,0xCC21,0xED41,0xA280,0xED01,0xED67,0x7882,
    0x4841,0x30C4,0x28A2,0xAA6B,0x98F1,0x9232,0x200C,0x382F,0x0808,0x2866,0xA8F0,0xD16F,0xDB6A,0x2061,0x0000,0x9188,
    0xD913,0x384C,0x2828,0xD32C,0xBB07,0x0800,0x0000,0x0000,0xA189,0xD131,0x484B,0x1027,0x1002,0x9A05,0xD404,0xAA44,
    0x7106,0x500B,0xD14F,0x2080,0x0000,0x0000,0x99EC,0x82C8,0x2064,0x7967,0xB427,0xF6D3,0x7243,0x3941,0xB5B6,0xFFFF,
    0xE71C,0x0001,0x0001,0x0001,0x0001,0x0001,0x0001,0x0001,0x0001,0x0001,0x0001,0x0001,0x0001,0x0001,0x2104,0xDEFB,
    0xFFFF,0xD657,0x61A2,0xAB86,0x8B08,0x6960,0x58C3,0x6223,0x7185,0x0002,0x3065,0x7945,0xB308,0xE3C8,0x9A43,0x38A0,
    0x0800,0x0800,0x1800,0x4128,0x38C7,0x2022,0x2842,0x2040,0x2060,0x2060,0x2060,0x1020,0x2021,0x4086,0x0820,0x1041,
    0x0000,0x7107,0xA062,0xA001,0x8842,0x6001,0xC063,0xF885,0x9000,0x6800,0xD864,0xF085,0x4800,0x8001,0x9064,0x51A6,
    0x3061,0x3000,0x0801,0x0802,0x0802,0x0000,0x0000,0x61E4,0x7A04,0x8A22,0x7A03,0x8B05,0xA3A6,0xA305,0x9244,0x9A22,
    0xB2E4,0xBB45,0xBC67,0x7A83,0xA2A4,0xAAC4,0x9A63,0x4101,0x0000,0x2844,0x50E0,0xB388,0x8AA9,0x2008,0x280A,0x1843,
    0x2860,0xD4C0,0xDCA0,0xB321,0xECC0,0xA2E1,0x2802,0x2009,0x4089,0x3047,0x50A7,0xE336,0x614C,0x1809,0x1008,0x2867,
    0xC16C,0xF2EA,0xB326,0x1021,0x0000,0x7185,0xE211,0x404B,0x3027,0xB288,0x59A2,0x0801,0x0801,0x0800,0xA949,0xD931,
    0x588C,0x1008,0x2862,0xCB64,0xDC04,0x91E2,0x8986,0x70AA,0xC248,0x0820,0x0000,0x0000,0x3865,0xB32A,0x4125,0x8A06,
    0x5120,0x8202,0x8263,0x6A02,0x83AB,0xF7BF,0xFFFF,0x738E,0x0001,0x0001,0x0001,0x0001,0x0001,0x0001,0x0001,0x0001,
    0x0001,0x0001,0x0001,0x0001,0x6B6D,0xFFFF,0xFFFF,0xBC4A,0x71C3,0xBB85,0x7180,0xA246,0x50E4,0x79C4,0x2863,0x0005,
    0x0006,0x5146,0xA286,0x9201,0x48C0,0x0000,0x1020,0x5963,0x8244,0x79E4,0x9AA6,0x5922,0x1820,0x2060,0x2020,0x1820,
    0x1000,0x1000,0x4085,0x1021,0x0840,0x0000,0x1042,0xA907,0x6000,0x8001,0xA822,0x4800,0xA022,0xE865,0x8000,0x9822,
    0xE024,0xB823,0x4800,0xB802,0x7002,0x3000,0x9180,0x6140,0x1006,0x2026,0x1808,0x2064,0x30A1,0x1000,0x49A6,0x7A04,
    0xA2C4,0x8203,0x8263,0x8B25,0xAC28,0xAB45,0xBC27,0x9346,0x7263,0x9AA4,0xBB04,0xAAC4,0xA283,0x30C2,0x0000,0x2064,
    0x69A4,0xBBA7,0x9AAC,0x38A8,0x280E,0x510A,0x38E3,0x38C0,0xD481,0xDC61,0xAAE0,0xDC81,0x4081,0x3048,0x304A,0x1826,
    0x9225,0xE408,0xFD13,0x9B51,0x0806,0x2847,0x9169,0x8A24,0x69E3,0x0800,0x0000,0x4922,0xE20D,0x404A,0x3068,0x7166,
    0x8282,0x1821,0x1001,0x2022,0xA1C7,0xF20D,0x58AB,0x1008,0x1802,0x9984,0xCBA5,0x48C1,0x4807,0x68CA,0x7985,0x0000,
    0x0000,0x0000,0x1001,0x89EA,0x59A2,0x6184,0x81A2,0xBAE3,0x8A44,0x71E3,0x9348,0xB5D7,0xFFFF,0xCE79,0x0001,0x0001,
    0x0001,0x0001,0x0001,0x0001,0x0001,0x0001,0x0001,0x0001,0x0001,0x0001,0xC638,0xFFFF,0xF739,0xC3E3,0x5961,0x6A03,
    0x9203,0x40A4,0x3902,0x6105,0x0002,0x2031,0x1011,0x51C5,0xAB24,0x6960,0x3080,0x8204,0xC367,0xEC49,0xE407,0xC325,
    0xC369,0x4922,0x0800,0x1040,0x1000,0x0800,0x1001,0x3042,0x1841,0x0821,0x0820,0x0000,0x4884,0xA063,0xA001,0x9001,
    0xB021,0x6020,0x8822,0xD844,0x8000,0xB022,0xD023,0x9022,0x4800,0xD803,0xB901,0xA240,0xF501,0x61E1,0x61C8,0x3088,
    0x280A,0x2826,0x7A24,0x40E1,0x2861,0x4985,0x9263,0xC345,0xAAA4,0x8A23,0x8264,0x59A2,0x8B26,0x8AC4,0x7A02,0xCB66,
    0xB305,0xBB25,0x9A84,0x1882,0x1061,0x0000,0x5944,0x9ACB,0x9AEC,0x48CB,0x280A,0x384C,0x69E7,0x38C2,0x71C0,0xD481,
    0xC3E1,0xA1C0,0x6841,0x3102,0x2867,0x40CA,0x6184,0x9225,0xB326,0xEC32,0x61AE,0x2005,0xA188,0xBAE7,0x5142,0x0000,
    0x0000,0x4922,0xE2AE,0x402B,0x3067,0xC1AC,0xCB08,0x4924,0x1841,0x1021,0x69C4,0xF2EA,0x608A,0x1009,0x3063,0xCB85,
    0xD403,0xA283,0x91A7,0x70E8,0x6904,0x0000,0x0000,0x2061,0x38A2,0x48A6,0x9A88,0x1860,0x3044,0x3864,0x1820,0x9AC5,
    0xBBA7,0x83ED,0xFFDF,0xFFFF,0x0001,0x0001,0x0001,0x0001,0x0001,0x0001,0x0001,0x0001,0x0001,0x0001,0x0001,0x4A49,
    0xFFDF,0xFFFF,0xDD8E,0xC382,0x4141,0x0804,0x1004,0x18C0,0x8A25,0x2022,0x2846,0x78D3,0x5852,0x3905,0x9AE2,0x61A1,
    0x7202,0xCB25,0xD387,0x8A02,0x38A0,0x3880,0x2060,0x0000,0x1000,0x0800,0x0800,0x2022,0x2844,0x0800,0x1042,0x0821,
    0x0000,0x0821,0x8084,0x9001,0xC022,0xB022,0xD803,0x8802,0x6000,0xD864,0xA822,0x9021,0xC023,0x7801,0x6860,0xE3A1,
    0xED00,0xE481,0xDD21,0x4921,0x9B06,0x8268,0x384B,0x612A,0xBB8A,0x6142,0x5121,0x7A44,0x5942,0xB2C4,0xC346,0xBB05,
    0xB2A4,0x9AE5,0x7AE7,0x7AE6,0x9B65,0xB306,0xCB87,0xC366,0x4983,0x0841,0x1883,0x1062,0x1021,0x488B,0x408C,0x280C,
    0x2007,0x384D,0x40C9,0x1023,0x61C2,0x71C0,0xD3C1,0x7860,0x6800,0x2843,0x202B,0x2029,0x200A,0x38A9,0x3064,0x8929,
    0xDB30,0xB3E9,0x91CB,0xE26C,0x5923,0x0000,0x2061,0x7A05,0xC951,0x480D,0x3047,0xD209,0xBAA5,0x8227,0x5944,0x0000,
    0x0801,0x9A07,0x68CA,0x0807,0x2842,0xAA26,0xBB85,0x6100,0x70C7,0x70AA,0x68C4,0x38A3,0x0000,0x7185,0x8967,0x4862,
    0x81E9,0x9347,0x0804,0x2848,0x0801,0x7A23,0xCBE7,0x8307,0xCE9A,0xFFFF,0xAD75,0x0001,0x0001,0x0001,0x0001,0x0001,
    0x0001,0x0001,0x0001,0x0001,0x0001,0x9CF3,0xFFFF,0xF79D,0xBC05,0x8AA2,0x1822,0x588F,0x1005,0x72C4,0x69A5,0x0802,
    0x2042,0x1881,0x1821,0x6166,0x8182,0x7A65,0xB42D,0x9285,0x48A0,0x30A1,0x61A3,0xB368,0xAAC5,0xAAE5,0x4923,0x1800,
    0x4924,0x1882,0x0000,0x0821,0x20A4,0x0000,0x2063,0x88E6,0x7821,0x7800,0xB002,0x6000,0xB862,0xC9A3,0x4840,0xC043,
    0xB822,0x8000,0xC822,0x70A0,0xCC01,0xF5A1,0xDC20,0xF521,0xCC61,0x5102,0xA328,0x71CA,0x300D,0x50CD,0x616C,0x9AE5,
    0x5943,0x9287,0x1842,0x38E2,0xAAE6,0xCB66,0xA2A3,0x9327,0x8B69,0x8B48,0x7B25,0x7243,0xC346,0x69E4,0x1062,0x1062,
    0x1883,0x1082,0x0020,0x2884,0x5129,0x302A,0x2849,0x2047,0x69AB,0x0004,0x28A2,0x8AA1,0x70A1,0x9842,0x5800,0x3823,
    0x1026,0x382E,0x380E,0x1008,0x30A9,0x71CB,0x91E5,0xFC6C,0xC374,0x78EB,0x8146,0x2062,0x30C2,0x7987,0xB92E,0x488A,
    0x2807,0xE426,0xC4A5,0xAB24,0x5922,0x0000,0x0000,0x40E4,0x50E8,0x0806,0x1802,0x78E5,0xB385,0x71E2,0x4845,0x58C9,
    0x7106,0x7946,0x0800,0x38A2,0xB1A8,0x7125,0x3086,0xCC0B,0x20E1,0x506D,0x384B,0x30C0,0xBB87,0xABC8,0x9C91,0xFFFF,
    0xEF7D,0x0001,0x0001,0x0001,0x0001,0x0001,0x0001,0x0001,0x0001,0x0001,0x2145,0xE73C,0xFFFF,0xDE13,0xB362,0x4961,
    0x2027,0x504D,0x20C2,0x92E6,0x2042,0x0004,0x0828,0x1006,0x0022,0x2842,0x8164,0x9A88,0x92EE,0x82A4,0x40E0,0xBB47,
    0xEC49,0xBB46,0x8A02,0x79C3,0x40A1,0x58E0,0x9266,0x18A2,0x0000,0x1042,0x1042,0x1021,0xC9EC,0xB083,0x5000,0x8820,
    0xDB21,0xB260,0xCB80,0xFE01,0x8240,0x8800,0x9001,0xA100,0xEC42,0x9A80,0xED01,0xE4C1,0xDC41,0xF5A1,0xA320,0x6185,
    0x510B,0x280C,0x590D,0x280C,0x50EC,0xA389,0x2864,0x69C9,0x2885,0x0041,0x20C3,0x61E4,0x71E3,0x7285,0x7AE7,0x8B48,
    0x7AE4,0x7283,0x4102,0x1062,0x1062,0x1883,0x1863,0x1863,0x1062,0x0000,0x40C8,0x406D,0x384C,0x2027,0x386A,0x48A8,
    0x2844,0x6A01,0x8220,0x9001,0x7801,0x3020,0x1826,0x382E,0x302D,0x594B,0x592A,0x2007,0x692B,0xAAC6,0xDB6D,0xB2D3,
    0x6969,0x0800,0x0002,0x4047,0xBA0A,0x50CA,0x2009,0xDB66,0xAB64,0x9AE5,0x30A2,0x0000,0x0000,0x5943,0x690A,0x0807,
    0x4082,0xC302,0xDC43,0x8A62,0x58A6,0x60CA,0x99A8,0x8143,0x3880,0x1000,0x58C4,0x896A,0x0805,0xA28B,0x7AE6,0x2007,
    0x58B0,0x1001,0xA306,0xDD0C,0x7B6B,0xEF5D,0xFFFF,0x7BEF,0x0001,0x0001,0x0001,0x0001,0x0001,0x0001,0x0001,0x0001,
    0x632C,0xFFFF,0xFFFF,0xBC49,0xA301,0x1861,0x488E,0x2006,0x6243,0x81C5,0x0003,0x0003,0x4855,0x6077,0x1025,0x0000,
    0x7128,0xAA45,0x5121,0x4921,0xB367,0xA263,0x71A2,0x2860,0x2020,0x3040,0x6961,0xAA84,0x9266,0x0841,0x0000,0x1041,
    0x0000,0x80C7,0xC0A5,0xB003,0xD9C2,0xD401,0xFE02,0xE480,0xCBA0,0xFD80,0xB360,0x8120,0xE401,0xE4C0,0xF5C1,0x9A80,
    0xF561,0xD401,0xE4C1,0xFDE1,0x61C0,0x4106,0x71AB,0x828A,0xAB49,0x612C,0x486F,0x512B,0x1807,0x40AB,0x3086,0x0861,
    0x1082,0x1062,0x1062,0x4963,0x9B47,0x6204,0x7264,0x3122,0x0842,0x18A3,0x1062,0x1042,0x2064,0x1863,0x1863,0x0821,
    0x1022,0x406B,0x388B,0x61A7,0x2826,0x508C,0x48A7,0x40E2,0xB381,0x7120,0x98E1,0x6161,0x1024,0x300D,0x40CA,0xC3EB,
    0xB32D,0x8A4D,0x302C,0x2847,0x81AA,0xB973,0xCAF7,0x4929,0x0000,0x1021,0xBAA9,0x58CB,0x280B,0xC9EC,0xD24A,0xCACB,
    0x4028,0x48E8,0x3867,0x91AB,0x78D0,0x0808,0x4082,0xD345,0xCBA3,0x7941,0xAA05,0x996A,0xBAC4,0xD3A2,0x91E0,0x2880,
    0x2061,0x99A9,0x0805,0x48A5,0xC3EA,0x1082,0x484E,0x2007,0x59E3,0xE56D,0x9BA9,0xB596,0xFFFF,0xC638,0x0001,0x0001,
    0x0001,0x0001,0x0001,0x0001,0x0001,0x0001,0xAD75,0xFFFF,0xEF1A,0xB343,0x61A1,0x1804,0x6090,0x1043,0x82A5,0x40A3,
    0x0004,0x1024,0x48A9,0x690F,0x3847,0x1840,0x4884,0x8124,0x81E3,0x9A64,0x9B05,0x61A2,0x2840,0x3060,0x48E0,0x5900,
    0x9203,0xB2A4,0x7225,0x0000,0x0800,0x0020,0x3084,0xA086,0x5000,0x9A20,0xF540,0xED81,0xFE63,0xF520,0xB2C0,0xEC81,
    0xD480,0x92A0,0xFE01,0xFDC0,0xE4C1,0xA2C0,0xED00,0xB320,0xED61,0xF582,0x5100,0x4907,0xAB09,0xB367,0x71E8,0x616B,
    0x4030,0x280C,0x2028,0x406C,0x2847,0x1061,0x1883,0x18A3,0x18A3,0x1042,0x2882,0x3922,0x2844,0x3048,0x1862,0x2083,
    0x38A9,0x58AD,0x1843,0x2064,0x1863,0x1862,0x0000,0x2026,0x58B1,0x9AEA,0x40E5,0x1808,0x2829,0x1005,0x59C1,0x9AA0,
    0xB361,0x9280,0x0002,0x3069,0x824A,0xB34C,0x8A4B,0x71AC,0x40AC,0x280B,0x1827,0x4049,0xA132,0xAA74,0x618C,0x4146,
    0x924B,0x508D,0x408C,0x406C,0x58CD,0x710E,0x488D,0x612D,0x488D,0x68B1,0x6091,0x1809,0x40A2,0xA223,0xAB05,0x50E0,
    0x7906,0x9129,0xE404,0xFEEB,0xB2C0,0x40A0,0x3061,0x8147,0x1826,0x1002,0xBB6A,0x49E3,0x2809,0x50AE,0x1861,0xBBE8,
    0xB3C8,0x8C0F,0xFFFF,0xFFBE,0x0001,0x0001,0x0001,0x0001,0x0001,0x0001,0x0001,0x2965,0xE73C,0xFFFF,0xDDB1,0xAAC1,
    0x30E0,0x382B,0x380B,0x3982,0xA2A6,0x0803,0x38C9,0x9189,0x6928,0x2844,0x5087,0x48C3,0x1881,0x2804,0xAA26,0x9A63,
    0x81C2,0x81C3,0x81E4,0xA284,0x9202,0x9A23,0xA223,0x9202,0x20A1,0x0842,0x0800,0x0000,0x7865,0x6002,0x9AE4,0xE4E1,
    0xCBC0,0xF520,0xE563,0xD525,0xB3A0,0x9AA0,0xED20,0x92A0,0xDCC1,0xFE61,0xD461,0xA2C0,0xDC60,0xB300,0xFE21,0xE4C1,
    0x30A1,0x71A9,0xAAC9,0xAB46,0x9AE9,0xABAC,0x9ACD,0x2829,0x2809,0x58EC,0x1825,0x1062,0x1883,0x1844,0x2044,0x2084,
    0x1883,0x2005,0xA217,0x70F1,0x1843,0x1043,0x89B4,0x89B4,0x1022,0x1863,0x1022,0x0821,0x48CB,0x40AA,0x588C,0x91ED,
    0x7186,0x0003,0x408D,0x282B,0x0801,0x92A1,0xB301,0xB300,0x1002,0x1806,0x822A,0x9AC9,0x8A67,0x610B,0x300D,0x2008,
    0x2864,0x38A1,0x4901,0x50C4,0x4086,0x5129,0x286A,0x200A,0x1026,0x2048,0x282A,0x200A,0x384C,0x282B,0x302C,0x304C,
    0x304B,0x1806,0x3802,0x91A3,0xBB86,0x6141,0x3805,0x484A,0xB248,0xC383,0x8961,0x58A2,0x48A3,0x5888,0x1828,0x0003,
    0x7187,0x8B47,0x1844,0x60B0,0x0000,0x8AC5,0xCC48,0x836A,0xE73D,0xFFFF,0x8410,0x0001,0x0001,0x0001,0x0001,0x0001,
    0x0001,0x5AEC,0xFFFF,0xFFFF,0xC469,0x9281,0x1041,0x5090,0x1826,0x6A43,0x6124,0x30A4,0x8206,0x3082,0x0803,0x1024,
    0x2043,0x3061,0x6121,0x48E0,0x4865,0x70E3,0x6960,0x9A64,0xCB87,0xE3E8,0xD3A7,0xDB87,0xB2A4,0x8A45,0x0000,0x1062,
    0x0000,0x1802,0x8947,0xC405,0xED23,0xCB80,0xCBA0,0xDC81,0xD442,0xA223,0xA242,0x6941,0xBBE1,0xAB20,0xCBA0,0xFE61,
    0xCC20,0xA2C0,0xB340,0xC401,0xFE62,0xB380,0x38A2,0x926C,0xA2A9,0x9287,0xBB8A,0x71CA,0x610B,0x304A,0x510C,0x58EC,
    0x0803,0x1022,0x3869,0x9A16,0x9A36,0x2866,0x1823,0x91F5,0x9A55,0x1823,0x28A4,0x2025,0xAAF8,0x58AD,0x1003,0x3069,
    0x89D4,0x380A,0xAAD8,0x48EC,0x0801,0x79CD,0x50C8,0x1023,0x1006,0x384C,0x1825,0x5120,0xAAE0,0xAB00,0x1841,0x5105,
    0x9AA6,0xA306,0x8A87,0x48AB,0x3087,0x6182,0x81E2,0x89C2,0x9A24,0xE38D,0xBC32,0x28E5,0x3828,0x2028,0x0805,0x2028,
    0x5032,0x482F,0x2006,0x484E,0x504E,0x6870,0x3848,0x0804,0x6143,0xE405,0xCBE5,0x79C2,0x9125,0x60C9,0x2829,0x4068,
    0x58A9,0x4887,0x3885,0x404A,0x2029,0x0004,0x3044,0xBBAA,0x20E3,0x484C,0x3029,0x4962,0xC3E7,0x82E6,0xB596,0xFFFF,
    0xC618,0x0001,0x0001,0x0001,0x0001,0x0001,0x0001,0xA514,0xFFFF,0xEF3B,0xBBC4,0x69E0,0x2027,0x588F,0x18A2,0x92C6,
    0x3043,0x50E5,0x2061,0x0000,0x1824,0x3866,0x1021,0x3861,0xD3C4,0xB2A2,0x2040,0x58A6,0x68E2,0x6961,0xA263,0xB2C4,
    0xCB46,0xDBA7,0xC306,0xA349,0x2902,0x0000,0x0000,0x79E8,0xE4A6,0xE460,0xB300,0xDC00,0xAB64,0x9282,0xD421,0xA2A1,
    0x9220,0x7921,0x8181,0x9AE1,0xBB60,0xFE20,0xC3C0,0x9A60,0x9A80,0xDD22,0xFDE1,0x8A80,0x38C4,0x50EC,0x928A,0x50E9,
    0x58CC,0xAB4D,0x404D,0x200A,0x58EF,0x510C,0x0000,0x488B,0xAA18,0x8193,0xBB9A,0x2006,0x610E,0xAA79,0x2026,0x1823,
    0x1824,0x4069,0xB259,0xA238,0x7952,0x9A36,0xB299,0x99D7,0x99B6,0x7931,0x2848,0x48C8,0x6188,0x1806,0x0002,0x40E5,
    0x8A69,0x38C2,0x6980,0xC381,0x30A1,0x30C4,0x9266,0xAB28,0x8A8A,0x2044,0x71C1,0x79A2,0x8203,0x8A03,0x8A05,0xB309,
    0xF493,0xDCF8,0x494A,0x2009,0x1029,0x404E,0x7837,0x6014,0x280A,0x6834,0x6010,0xB075,0x402B,0x0804,0x7145,0xC305,
    0xB365,0x40C0,0x7906,0x6107,0x0802,0x1825,0x282A,0x2029,0x2029,0x302B,0x304B,0x1827,0x0804,0x9A67,0x49E3,0x2809,
    0x58B0,0x2081,0xAB65,0xAB86,0x946F,0xFFFF,0xF79E,0x0001,0x0001,0x0001,0x0001,0x0001,0x0001,0xD6BA,0xFFFF,0xE654,
    0xB362,0x30E0,0x406C,0x300A,0x41A2,0x9245,0x2004,0x1805,0x0003,0x1028,0x508B,0x1020,0x2027,0x4043,0xC322,0x81A2,
    0x2020,0x1820,0x60A7,0x68E2,0x6141,0x91E2,0x9A43,0xAA63,0x8181,0xA2E7,0x8307,0x1881,0x79A6,0xBB64,0x8A00,0x7180,
    0x8A00,0x9200,0x9B09,0x9AA3,0x8060,0x9101,0xA347,0x82A2,0x89C0,0x9280,0xAAE0,0xFDE1,0xBB60,0x79A0,0xB341,0xFE43,
    0xF500,0x5980,0x0806,0x380F,0x8A6D,0x3089,0x280C,0x60F1,0x406F,0x2049,0x6110,0x2008,0x3047,0xB259,0x3849,0x590E,
    0x89D4,0x488D,0xBA9A,0x3046,0x2026,0x9235,0x58EF,0x58EF,0xCB1C,0xAA59,0xAA59,0x91F6,0x89D4,0xAA18,0x7933,0xB2BA,
    0x2847,0x0000,0x304A,0x2028,0x0805,0x40E3,0x9AA5,0x79E5,0x3061,0xA2C0,0x30C0,0x1022,0xA286,0x6149,0x2885,0x5101,
    0x6162,0x71C3,0x5183,0x5983,0x79E2,0x5941,0x7162,0xC2F0,0xDC38,0x30EB,0x180B,0x402F,0xA059,0x7055,0x380E,0x8817,
    0x892E,0xEAF1,0x584C,0x2007,0x91A7,0xCB44,0xBB64,0x7160,0x6866,0x3808,0x1806,0x2027,0x0802,0x1002,0x1005,0x0804,
    0x1005,0x1827,0x0004,0x6987,0x8B06,0x1024,0x5890,0x1024,0x8AA3,0xBBA5,0x7329,0xEF7E,0xFFFF,0x0001,0x0001,0x0001,
    0x0001,0x0001,0x4208,0xFFDF,0xFFFF,0xE5AD,0xAB22,0x1042,0x50AF,0x1826,0x7283,0x7184,0x0004,0x180D,0x000B,0x102A,
    0x2825,0x502C,0x482F,0x48A1,0xD304,0x48C3,0x1003,0x3862,0x1822,0x68E6,0x58E1,0x48E0,0x5100,0x6100,0x79C2,0x9244,
    0x7AA5,0x8AC6,0xAAE5,0xAB61,0xBC82,0xB462,0xCC40,0xAA68,0x91A5,0x88C1,0x99A1,0x91A6,0xB312,0xBB91,0xD4C6,0x79C0,
    0x71A0,0xF541,0xBB80,0x6940,0xCC21,0xFE42,0xDC20,0x40E0,0x1007,0x488E,0x6189,0x1808,0x382F,0x4011,0x280D,0x69E9,
    0xC3CC,0x2865,0x81B3,0x7171,0x0801,0x89B4,0x91B6,0xA237,0x50CB,0x1003,0x9A56,0xC31C,0x99F7,0xB338,0xDBFE,0x5890,
    0x8A14,0x8A55,0x7151,0x8193,0xC2BB,0x610F,0x0000,0x0000,0x1825,0x2009,0x0807,0x2063,0x7223,0xB2E4,0x40C4,0x4900,
    0x4100,0x0802,0x6167,0x1808,0x2041,0x6162,0x7A44,0x69E5,0x69C4,0x8264,0x5962,0x38C2,0x38C2,0x48E4,0xB991,0x9A52,
    0x308A,0x68EF,0xD177,0xA9B3,0x68B0,0xA8D7,0x98EF,0xFAB0,0x602E,0x3809,0xB285,0xD3A3,0xBB04,0x9222,0xA9A6,0x7929,
    0x3009,0x2829,0x1005,0x2026,0x1004,0x0804,0x0805,0x0825,0x0000,0x3885,0xA328,0x1882,0x5850,0x2028,0x5181,0xBBA6,
    0x8306,0xC639,0xFFFF,0xA534,0x0001,0x0001,0x0001,0x0001,0x73AE,0xFFFF,0xFFBE,0xED48,0x8AC2,0x1005,0x508E,0x1062,
    0x92C4,0x4082,0x0009,0x4839,0x585C,0x180D,0x1806,0x889B,0x1808,0x7163,0xDB27,0x4047,0x0002,0x3024,0x2862,0x5944,
    0x60E2,0x48C0,0x5941,0x79E2,0x9A63,0x8224,0x8B26,0x81E5,0x90C4,0xC1A1,0xD3A1,0xF5E1,0xCC43,0xC3EB,0xBB63,0xA9C3,
    0x71A6,0x928D,0xB22F,0xBB71,0xCD0A,0x8AE5,0x5940,0xE4A1,0xB320,0x71A0,0xF581,0xFDA1,0xC360,0x2880,0x1006,0x610D,
    0x50EA,0x1008,0x4050,0x402E,0x1809,0x69C8,0xB387,0x2043,0xAA98,0x50CD,0x2006,0xCBFA,0xD33C,0x402B,0x0802,0x48AC,
    0xAA79,0x89B5,0xBB3A,0xCB7C,0xC2DB,0x99F6,0x9195,0xA297,0x692F,0x1805,0x3869,0x1805,0x0801,0x0000,0x0000,0x3084,
    0x5966,0x2883,0x38A2,0x81E3,0x69C4,0x2881,0x38C0,0x0803,0x1824,0x1003,0x5961,0x71E4,0x5184,0x8286,0x9AC5,0x4942,
    0x30E2,0x4943,0x40E2,0x6906,0xA90F,0xE29A,0x726C,0x4943,0x6166,0x71C6,0x7A07,0x79E7,0x7A07,0xAA4A,0x8149,0x5927,
    0x6885,0x99C4,0xB2C3,0x4060,0x5046,0x582C,0x586C,0x610B,0x202A,0x2828,0x1806,0x1026,0x0806,0x28A5,0x2963,0x0802,
    0x9AC7,0x39A3,0x302B,0x404C,0x30C1,0xBB86,0x9B05,0xA513,0xFFFF,0xD69A,0x0001,0x0001,0x0001,0x0001,0xAD55,0xFFFF,
    0xF739,0xED05,0x49A0,0x304A,0x508C,0x20E1,0x9246,0x1804,0x0004,0x200C,0x583A,0x3013,0x3033,0x282F,0x1004,0xAA24,
    0xCB04,0x3847,0x0000,0x0805,0x5127,0x71E4,0x4882,0x50E0,0x7181,0x9A83,0x8223,0x8AE6,0x8AC3,0x9B6C,0x50C3,0x7000,
    0xA801,0xC961,0xA346,0xA363,0xB223,0x99E5,0x8225,0xA1C6,0xCB91,0xA309,0x9A69,0xAB67,0x71A0,0xCBE1,0x8A60,0x9280,
    0xFE41,0xED00,0x9A80,0x1841,0x1826,0x5050,0x200A,0x1007,0x4832,0x384E,0x1807,0x71EB,0x6167,0x0000,0x60EE,0x486A,
    0x488B,0xC33C,0xBADA,0x91B5,0x1003,0x694F,0x9A76,0x7151,0x91B5,0x99F7,0x384A,0x7171,0x2806,0x1805,0x1805,0x1002,
    0x2045,0x50CC,0x0801,0x0000,0x0000,0x20A1,0x8285,0x5944,0x2042,0x2042,0x2046,0x2845,0x2880,0x0821,0x0002,0x38C2,
    0x69A3,0x7A24,0x7225,0x8285,0x3923,0x28C2,0x5163,0x3902,0x2881,0x40C2,0x99CC,0xDA17,0xA9F4,0x0000,0x0000,0x0000,
    0x0000,0x0823,0x1045,0x0844,0x38CA,0x99F0,0xC312,0xAB0E,0x8A64,0x7140,0xA9C5,0xA9CC,0x400A,0x592E,0x404D,0x302A,
    0x2009,0x1827,0x4944,0x3922,0x41A5,0x0823,0x81E8,0x7284,0x1805,0x6070,0x1822,0x9AC4,0x9AC4,0x7B8C,0xFFFF,0xFFDF,
    0x0001,0x0001,0x0001,0x0001,0xD699,0xFFFF,0xF6D5,0xDD05,0x2901,0x486D,0x2008,0x6243,0x8A07,0x0804,0x1807,0x1027,
    0x302F,0x3032,0x5859,0x080A,0x3026,0xC2C3,0xAA24,0x2805,0x1847,0x0806,0x2864,0x82A5,0x4122,0x38C0,0x5962,0x7224,
    0x7AE7,0x82A4,0x6161,0xC36A,0xCC70,0x3882,0x4800,0xA001,0xE1C1,0xED21,0xAB63,0x9267,0xB1A3,0xA8A0,0xA9A0,0xB306,
    0x9126,0x89E0,0x69A0,0xAAE1,0x8A40,0xCC20,0xFE21,0xDC40,0x71C0,0x0801,0x2008,0x488E,0x2866,0x2828,0x58CF,0x280A,
    0x1006,0x58ED,0x2829,0x0000,0x0821,0x0000,0x81D3,0x91D6,0x2808,0xCB7B,0x9215,0x380A,0x99F6,0x8994,0x3028,0x3069,
    0x1022,0x0803,0x6130,0x8193,0x81B4,0x2025,0x50AD,0x7172,0x1003,0x0821,0x0000,0x0000,0x3922,0x79E5,0x5944,0x0802,
    0x0804,0x1006,0x1021,0x0000,0x1841,0x6183,0x61A3,0x7A45,0x8265,0x69E4,0x4164,0x4963,0x4102,0x40C1,0x40E2,0x40C1,
    0x38E2,0x48A4,0x914F,0x51AB,0x49C9,0x3166,0x0862,0x0002,0x0005,0x0006,0x0810,0x2815,0x88BC,0xD31E,0xCBB6,0xA2AA,
    0x91C6,0x912A,0x606B,0x484C,0x504E,0x486E,0x2009,0x4128,0x5964,0x4925,0x38C2,0x1861,0x5106,0x92C5,0x1822,0x7093,
    0x1805,0x69E2,0xAB25,0x6AA7,0xEF7E,0xFFFF,0x0001,0x0001,0x0001,0x31A6,0xF7BE,0xFFFF,0xFEF2,0xBCA7,0x1022,0x5890,
    0x1826,0x7AA6,0x5905,0x502D,0x90F3,0x300B,0x284A,0x1029,0x4835,0x5858,0x6089,0xDB63,0x91C4,0x1006,0x284B,0x1009,
    0x0807,0x4925,0x8263,0x7243,0x6A24,0x8284,0x7244,0x5982,0x6183,0x79E4,0xCBEC,0xC3EE,0x3082,0x1822,0x4000,0xAA40,
    0xFDE1,0xCCE5,0xAAA5,0xB141,0xC363,0xCD4E,0x9222,0xA280,0x71E0,0x79E0,0xA2A0,0xEDA1,0xF581,0xCB60,0x5140,0x0000,
    0x180A,0x71CB,0x8225,0x9AE7,0xA2CB,0x2868,0x1007,0x380D,0x1825,0x0000,0x0841,0x1804,0xB2D9,0x592D,0x1022,0x384A,
    0xBB39,0xA2B7,0x7151,0x588F,0x1003,0x1042,0x1022,0x58EE,0x89B5,0x99F7,0x99F7,0x58AF,0x9A37,0xB2FA,0x40AB,0x0000,
    0x0000,0x0000,0x0000,0x5145,0x6148,0x1024,0x0002,0x0002,0x0822,0x28C1,0x6983,0x8A85,0x8A85,0x7205,0x3923,0x4943,
    0x69E3,0x38E1,0x61A4,0x5941,0x38C1,0x38C4,0x7209,0x930A,0x9AC7,0xAAE9,0xBB8E,0xD417,0xCC38,0x520B,0x0000,0x0003,
    0x0006,0x0009,0x080F,0x3013,0x991C,0xEBBF,0xE517,0x9AAE,0x70A8,0x582C,0x68AD,0x506B,0x4929,0x5986,0x50E6,0x4866,
    0x48E2,0x28C0,0x2884,0x9AC6,0x18A1,0x502E,0x2808,0x4961,0xAB25,0x8326,0xCE9A,0xFFFF,0x9492,0x0001,0x0001,0x52AB,
    0xFFFF,0xFFFF,0xF62D,0x8B44,0x1004,0x68B0,0x1842,0x8AA7,0x4045,0x90D1,0xE277,0x500F,0x388E,0x288A,0x1809,0x5033,
    0x8968,0xDBC2,0x8105,0x200D,0x4033,0x3832,0x080E,0x512B,0x9165,0x4921,0x4941,0x5161,0x5921,0x5942,0x7A45,0x6A25,
    0x6205,0xC42E,0xB32A,0x48C2,0x3844,0x2801,0x8940,0xF461,0xED41,0xDCE1,0x8327,0xAB85,0xAB20,0x89E0,0x71C0,0x5100,
    0xCBE1,0xFE42,0xECC0,0xB2E0,0x3900,0x0000,0x490A,0x8249,0x7A03,0xB345,0x79E7,0x1807,0x40E8,0x50EC,0x0002,0x0020,
    0x0802,0x406B,0xBA9B,0x2827,0x1022,0x1804,0x2807,0x6950,0x79B1,0x408B,0x3888,0x1825,0x2006,0x89F5,0x3028,0x7150,
    0x9A17,0xBABB,0xCB1D,0x89D5,0x1804,0x0000,0x0000,0x0000,0x0000,0x0801,0x2848,0x1023,0x5A04,0x51E3,0x59C3,0x92E4,
    0x61C4,0x7245,0x4943,0x3922,0x69E4,0x30E3,0x71E2,0x30C0,0x30A1,0x48E4,0x4927,0x7206,0xAAE5,0xAAA3,0xCB67,0xD366,
    0xAA42,0x99E4,0xA18C,0xD357,0x5A2B,0x0000,0x0003,0x0003,0x0807,0x0028,0x200E,0x6015,0xC1DA,0xFD1B,0xE556,0x9A0F,
    0x604B,0x480B,0x4088,0x7185,0x6103,0x60E5,0x3862,0x3101,0x2064,0x9AA9,0x3982,0x300A,0x382C,0x30E1,0xB367,0x7242,
    0xAD75,0xFFFF,0xB5B6,0x0001,0x0001,0x7BEF,0xFFFF,0xF77C,0xDD09,0x5A22,0x2828,0x506F,0x2923,0x9288,0x2006,0x4010,
    0x6011,0x4010,0x382E,0x1848,0x2089,0x2029,0xA247,0xD3C3,0x6887,0x180E,0x5853,0x5837,0x7210,0xD1CA,0x7064,0x40A4,
    0x2060,0x38A1,0x5962,0x5183,0x59A3,0x8A65,0x7245,0x4164,0x9B8C,0xA328,0x50E2,0x3026,0x3001,0xA801,0xC1C2,0xE480,
    0xE4E1,0xC423,0xC360,0x81E0,0x6160,0x5941,0xE501,0xFE22,0xD3E0,0xA280,0x2060,0x1002,0x5968,0x8245,0x8A43,0xB366,
    0xAB46,0x6965,0x48A8,0x38C8,0x0000,0x1042,0x508D,0xAA78,0x7171,0x0802,0x3868,0x8994,0x91F5,0x58AF,0x2808,0x406B,
    0x89B6,0x89D4,0x486D,0xA2F6,0x384B,0x99D6,0xA237,0x6970,0x408A,0x1805,0x0821,0x0800,0x0000,0x0000,0x1842,0x0000,
    0x3943,0xA3A6,0xAB67,0x508C,0x60CF,0x8A0D,0x82C7,0x59A4,0x5184,0x4963,0x5983,0x28A1,0x40C1,0x30A0,0x4944,0x50CA,
    0x69A4,0xAAA3,0xB2A4,0xCB05,0xE3E9,0xE42A,0xDBC8,0xBAC4,0x8181,0x80E8,0xBA36,0x28C5,0x0000,0x0002,0x0000,0x0003,
    0x0807,0x100A,0x280E,0x8013,0xD2B7,0xF41A,0xCB37,0x710D,0x6128,0x612A,0x6146,0x5964,0x3043,0x4103,0x1843,0x89C8,
    0x59C2,0x2008,0x488E,0x1841,0xA2E5,0x7A02,0x8C30,0xFFFF,0xD6BA,0x0001,0x0001,0xA514,0xFFFF,0xEED9,0xD486,0x41A2,
    0x384C,0x300A,0x49E3,0x79E5,0x280A,0x6074,0x3831,0x6095,0x80B4,0x384E,0x4031,0x380B,0xBAE5,0xC323,0x584C,0x3030,
    0x200E,0x6131,0xC1E7,0x3800,0x2821,0x58E5,0x30A0,0x38C1,0x5142,0x3902,0x4963,0x7205,0xC387,0x61A3,0x69E5,0xCBEA,
    0x81E2,0x3862,0x2826,0x4820,0xB001,0x98A0,0xD380,0xEC60,0xBB40,0x79E0,0x40E0,0x8AA0,0xFE21,0xF561,0xC320,0x8220,
    0x1020,0x0802,0x598A,0x9287,0x71A3,0xBBC7,0x7245,0x3086,0x302C,0x1808,0x0020,0x1862,0x3066,0x48CC,0x1804,0x1002,
    0x91D6,0x7112,0x7152,0xBAFA,0xB29A,0xAAB9,0xBAFB,0xA238,0x3829,0x79D1,0x8193,0x3027,0x1003,0x0802,0x1804,0x1843,
    0x0821,0x0000,0x0000,0x0800,0x2004,0x4944,0x5182,0x7283,0xB3CD,0x80F4,0x8935,0x8918,0x8A8C,0x6A02,0x4102,0x28A1,
    0x4101,0x30A0,0x38C1,0x4964,0x38A7,0x5104,0xC2E4,0xCB26,0xC305,0xC2E5,0xC305,0xD367,0xDBC8,0xCB05,0xAA22,0x7161,
    0xB951,0x89F0,0x4848,0x58AA,0x58AB,0x586C,0x606A,0x504A,0x60CB,0x716C,0x9990,0xBA52,0xD395,0xC238,0x786F,0x4868,
    0x50C8,0x5106,0x38A3,0x1841,0x0800,0x6947,0x7A63,0x1005,0x5890,0x1823,0x8A64,0x9AE4,0x7B6C,0xFFFF,0xF7BE,0x0001,
    0x0001,0xBDD7,0xFFFF,0xE635,0xB384,0x28C2,0x402D,0x2828,0x51A2,0x6144,0x1024,0x2946,0x1946,0x18E6,0x3046,0x48C8,
    0x506C,0x606A,0xC2E4,0xAA44,0x504B,0x1007,0x1009,0x70C9,0x6000,0x2800,0x7042,0x58C5,0x40C2,0x2081,0x4101,0x5142,
    0x69E4,0x4143,0x51A3,0x6A04,0x61C4,0xA2C5,0xA284,0x6961,0x2843,0x2003,0x9021,0x9801,0x7020,0xCAE1,0xBB60,0x79C0,
    0x5100,0xAA61,0xEBC2,0xCBC1,0xBB00,0x61A0,0x0000,0x1004,0x618B,0x4105,0x5106,0x698C,0x92A6,0x1805,0x302B,0x1023,
    0x0020,0x0021,0x0000,0x0821,0x1843,0x1023,0x590E,0x9A16,0x8175,0x91B7,0xA218,0xC33B,0xB2F9,0x3869,0x0000,0x1003,
    0x3026,0x4069,0x488A,0x4069,0x3868,0x1002,0x0000,0x0821,0x0000,0x0000,0x4925,0x8245,0x59C3,0x5122,0x9B67,0xCC4F,
    0x99F1,0xA251,0xAB66,0x4961,0x30A1,0x4921,0x38C0,0x3884,0x5128,0x3049,0x2847,0xB2E5,0xD387,0xD367,0xCB46,0xC305,
    0xB283,0xBAE4,0xCB25,0xCB25,0xBAA4,0x81C0,0x8909,0xC277,0x2889,0x2029,0x204A,0x302D,0x60CE,0xA157,0xA0FB,0x80D6,
    0x99F7,0xBBF9,0xD439,0xE37B,0xE33C,0xC239,0x81D3,0x8233,0x60F0,0x612F,0x50EB,0x48E4,0x7242,0x1024,0x6873,0x2007,
    0x7A84,0xA304,0x7B09,0xF7DF,0xFFFF,0x0001,0x0001,0xD69A,0xFFFF,0xCD71,0x8A61,0x1842,0x58AF,0x1024,0x6A24,0x50C5,
    0x28C3,0x2122,0x10E3,0x2143,0x19EB,0x2944,0x4141,0x50A4,0xD365,0xAA85,0x4849,0x200B,0x2810,0x80A8,0x6000,0x8084,
    0x6000,0x4084,0x58E4,0x1040,0x38E1,0x6182,0x5962,0x5163,0x28E2,0x61A3,0x69C3,0x4942,0xB2E5,0x9223,0x38A0,0x1803,
    0x5801,0xB022,0x6000,0x6800,0x91E0,0x79C0,0x4060,0x9801,0xC002,0x7040,0x9221,0x4920,0x0000,0x1005,0x280D,0x2044,
    0x3086,0x402E,0x5948,0x38A8,0x48E8,0x0000,0x0000,0x0000,0x1062,0x1864,0x1844,0x40AA,0x3029,0x6911,0xA1D7,0x60EF,
    0x2025,0x50AD,0x60EF,0x2025,0x58EC,0x710F,0x60AE,0x48AB,0x2846,0x1823,0x0000,0x0000,0x0000,0x0821,0x0000,0x4144,
    0x8246,0x8245,0x8A85,0x7224,0x4922,0x59A1,0x8B23,0x7281,0x7241,0x4120,0x30A0,0x30A1,0x3884,0x5909,0x48AC,0x200B,
    0x6984,0xD345,0xCB46,0xD366,0xCB05,0xC2E4,0xBAC4,0xBAA3,0xC305,0xD387,0xBAC4,0x9202,0x68E3,0xD1F7,0x7111,0x6814,
    0x6073,0x204B,0x0005,0x0026,0x408E,0x3832,0x080D,0x100F,0x3014,0x6097,0x911D,0xA1BF,0x98FB,0x6055,0x200E,0x30AD,
    0x7955,0x7915,0x71CC,0x2045,0x5872,0x302A,0x59E3,0xB345,0x7AC7,0xE73D,0xFFFF,0x0001,0x2966,0xEF7D,0xFFFF,0xBC8E,
    0x69C0,0x1023,0x58B0,0x1043,0x8A85,0x3884,0x0880,0x0000,0x2085,0x1883,0x222C,0x2A2E,0x1882,0x7122,0xDC03,0x89C5,
    0x3045,0x30C5,0x388B,0x88A8,0x6041,0xC0E7,0x5000,0x1001,0x60E6,0x2860,0x3081,0x2060,0x4922,0x71E3,0x5162,0x4943,
    0x4943,0x69C3,0xAAA4,0x9243,0x5921,0x1822,0x1801,0x9821,0x8001,0x5800,0x5820,0x48E0,0x4800,0xC023,0xB022,0x5800,
    0x5820,0x2020,0x0000,0x1825,0x2829,0x1882,0x384A,0x400F,0x1807,0x40A9,0x40E5,0x0000,0x0000,0x0821,0x1062,0x1864,
    0x1023,0x48CB,0x9236,0x6930,0x2005,0x2845,0x4068,0x58CD,0x68EF,0x50AB,0x3888,0x2064,0x1022,0x1041,0x1042,0x1043,
    0x1843,0x1862,0x0841,0x0000,0x4145,0x9268,0x4984,0x92E7,0x6A04,0x8AA6,0x4984,0x38E2,0x40E1,0x7202,0x5982,0x28A0,
    0x2041,0x3888,0x58EA,0x488C,0x200C,0x3068,0xA284,0xCB25,0xBAE4,0xBAE4,0xC305,0xCB25,0xCB46,0xCB25,0xC305,0xCB26,
    0xBAE5,0xA263,0x7941,0xB8D2,0x9131,0x4150,0x48B4,0x78F7,0x6958,0x2812,0x080A,0x180B,0x204D,0x0829,0x0007,0x0009,
    0x000D,0x2013,0x4019,0x583C,0x503B,0x2010,0x0003,0x2013,0x80FE,0xA1D7,0x7112,0x300C,0x38E2,0xC3C7,0x6A64,0xD69A,
    0xFFFF,0x8C92,0x4208,0xFFDF,0xFFFF,0xABEB,0x5960,0x1825,0x5070,0x20A3,0x8A85,0x2843,0x4885,0x7165,0x28A3,0x0063,
    0x0022,0x3AD0,0x18E5,0x8183,0xBB22,0x81C4,0x2862,0x4144,0x40C6,0x8865,0x98E6,0xB8A5,0x3800,0x2000,0x5085,0x4883,
    0x2081,0x2880,0x4901,0x6162,0x1881,0x4123,0x4102,0x79E3,0xA243,0x9203,0x6941,0x2841,0x0002,0x6801,0x8801,0x4800,
    0x4000,0x2000,0x7801,0xD023,0x8000,0x5000,0x5800,0x1000,0x0000,0x3065,0x3885,0x0821,0x404E,0x302C,0x1008,0x616B,
    0x20A1,0x0000,0x0020,0x1063,0x1863,0x0821,0x0821,0x0821,0x3848,0x3869,0x48AA,0x610D,0x50AA,0x2044,0x0802,0x0000,
    0x0841,0x1062,0x1883,0x1883,0x1042,0x1042,0x0821,0x1041,0x0000,0x4125,0x9268,0x69C4,0x61E5,0x6A04,0x7A66,0x51A3,
    0x69E5,0x9264,0x5101,0x5942,0x38C0,0x0821,0x406B,0x3049,0x302C,0x302D,0x48EB,0x5944,0xBAC4,0xB2A4,0xAA83,0xAA83,
    0xBAC4,0xCB66,0xD3C7,0xC325,0xBAC4,0xB2A4,0xC325,0xC2E5,0x7980,0x80AA,0x88AF,0x6A14,0x5B99,0x2AD7,0x5D1C,0x63BD,
    0x5A9B,0x20B3,0x182E,0x100C,0x0827,0x0005,0x0004,0x0005,0x000A,0x2012,0x3018,0x481A,0x5036,0x202D,0x3816,0xA8DE,
    0xAB3C,0x5111,0x3886,0xBBC7,0x7222,0xBDF8,0xFFFF,0xA535,0x52AA,0xFFFF,0xFFFF,0xA388,0x4920,0x2848,0x402F,0x3962,
    0x8A24,0x2804,0x50A8,0x9987,0x9929,0x38E7,0x08C6,0x4AB0,0x5B34,0x28E5,0x6ACD,0x4968,0x20E5,0x38E7,0x1849,0x8865,
    0xD128,0x9021,0x2000,0x4000,0x2820,0x58A5,0x2881,0x38C1,0x38A1,0x1840,0x30C1,0x4102,0x4922,0x71A1,0x91E2,0x7982,
    0x5901,0x38A0,0x0801,0x3000,0x8000,0x4800,0x3800,0x3000,0x9822,0xB023,0x6000,0x5000,0x4000,0x0820,0x1021,0x3888,
    0x1824,0x0803,0x382E,0x2029,0x79CD,0x38A8,0x0000,0x0000,0x0842,0x0841,0x0000,0x0821,0x2063,0x4089,0x50AA,0x48C9,
    0x1863,0x0841,0x0000,0x0000,0x1062,0x20C4,0x20A4,0x1062,0x0021,0x0020,0x0020,0x0020,0x0020,0x0000,0x3904,0x9A68,
    0x4923,0x7245,0x8266,0x82A6,0x7246,0x61E4,0x8A64,0x9A43,0x3080,0x28A0,0x2863,0x304A,0x2809,0x282B,0x300C,0x40CA,
    0x7268,0x79A2,0xB2A4,0xA263,0x9A22,0x9A02,0xB2A3,0xD366,0xBB47,0x5983,0x61C3,0x71C3,0x6183,0x6983,0x8A03,0x8127,
    0x90F0,0x502F,0x8A1B,0x851D,0x6E3D,0x8EFD,0xB77E,0x75FE,0x2A37,0x208C,0x104B,0x0808,0x0007,0x0006,0x0006,0x0808,
    0x202E,0x2012,0x4018,0x705B,0x6034,0x991B,0xD63F,0xCD7E,0x48AC,0xAB46,0x7A62,0xAD35,0xFFFF,0xBDD7,0x632C,0xFFFF,
    0xF79E,0xA327,0x40E0,0x2829,0x302C,0x3162,0x81E5,0x2844,0x5106,0x6126,0x6908,0x60A9,0x31CD,0x6B55,0xA43B,0x7418,
    0x4355,0x6C18,0x528F,0x1866,0x1829,0x7886,0xD0C6,0x7800,0x2800,0x5000,0x2800,0x3843,0x60C5,0x1840,0x30C1,0x28A1,
    0x1860,0x2060,0x4922,0x81C2,0x7162,0x6921,0x50E0,0x38A0,0x0821,0x1801,0x7820,0x4000,0x1000,0x4000,0x9800,0x8800,
    0x5000,0x5000,0x2000,0x0820,0x2861,0x38C5,0x0821,0x2008,0x3069,0x7A0B,0x8A2B,0x1860,0x0000,0x0821,0x0020,0x0000,
    0x0841,0x18A3,0x28A4,0x2064,0x0820,0x0020,0x0841,0x1062,0x1883,0x20C4,0x18A3,0x1883,0x1062,0x1062,0x1082,0x18A2,
    0x18A3,0x1082,0x0021,0x28C3,0xB308,0x8244,0x5163,0x7245,0x6A05,0x51C6,0x51A4,0x51A4,0x9224,0x9A43,0x2060,0x0000,
    0x1827,0x304D,0x280A,0x4030,0x200A,0x826B,0x61E4,0x9203,0xAA83,0x9203,0x79A2,0x89C2,0xB2C4,0xBB26,0x7A04,0x4963,
    0x20C3,0x18A2,0x30E2,0x4122,0x7183,0x6943,0x90EF,0x7971,0x5015,0xA15C,0x8A7D,0x821E,0x939E,0x7C1E,0x2A39,0x38D5,
    0x4853,0x304F,0x100C,0x0809,0x0007,0x0007,0x0807,0x40AD,0x4053,0x4836,0x803B,0xA0DB,0xDDFD,0xC51E,0x9958,0x69A4,
    0x8264,0xA4F3,0xFFFF,0xCE59,0x73AE,0xFFFF,0xEF5D,0x9B06,0x30C0,0x384D,0x3029,0x3120,0x71A6,0x1804,0x40E6,0x3845,
    0x40EA,0x614D,0x4048,0x2147,0x52B2,0x8C3C,0x7338,0x6AD4,0x2065,0x50CC,0x2029,0x68C8,0xD8C5,0x5800,0x3800,0x6000,
    0x4020,0x1840,0x3042,0x50C3,0x38A0,0x40C1,0x30A0,0x30A0,0x5101,0x6941,0x6121,0x48E0,0x40C0,0x38A0,0x1021,0x0000,
    0x3800,0x58A6,0x6149,0x7169,0x892A,0x78C8,0x3001,0x3000,0x0000,0x0820,0x2883,0x1022,0x1005,0x382C,0x40C9,0x79CC,
    0x48E6,0x0000,0x0000,0x0000,0x0000,0x1061,0x1062,0x1062,0x0020,0x0000,0x0821,0x1082,0x20C4,0x18A3,0x1882,0x1062,
    0x0841,0x1062,0x1082,0x1062,0x1062,0x0821,0x0821,0x0000,0x1862,0xAAC7,0xBAE5,0xB2E5,0xC346,0x92A5,0x8265,0x9285,
    0x92C6,0x7A24,0xBAE5,0x89E2,0x1820,0x0804,0x384B,0x302A,0x380E,0x300C,0x388B,0x826C,0x6183,0xAA84,0x9A22,0x81A2,
    0x6962,0x81A1,0xB2A4,0x9A85,0x5183,0x4163,0x3103,0x20A2,0x28C2,0x5963,0x6982,0x6122,0x70CB,0xA9F5,0x38AC,0x4093,
    0x8216,0x9315,0x9298,0x8A19,0x9A3B,0x917D,0x90BD,0x889B,0x6877,0x4013,0x3010,0x180E,0x100C,0x40CA,0x408D,0x3012,
    0x5816,0xA03E,0xD1FF,0xD17F,0xC9FE,0x594A,0x7222,0xACF3,0xFFFF,0xDEDB,0x8410,0xFFFF,0xEF3C,0x92A4,0x28A0,0x404E,
    0x2008,0x3920,0x6145,0x40C5,0x796A,0x7A0A,0x822D,0xAB70,0xAB6F,0x81E8,0x6B30,0x74BC,0x8C9D,0x9BB9,0x310C,0x50CD,
    0x586F,0x7089,0xB042,0x4000,0x5000,0x88A0,0x7120,0x3080,0x0800,0x3862,0x50C1,0x3880,0x48C0,0x48C0,0x48C0,0x48C0,
    0x40C0,0x40A0,0x48C0,0x3080,0x0000,0x48A7,0xA24E,0xBB31,0xCB71,0x9212,0x8956,0x9916,0xA135,0x90D1,0x588B,0x2043,
    0x0000,0x0000,0x302A,0x1808,0x61A8,0x590B,0x0002,0x0000,0x0000,0x0021,0x1062,0x0841,0x0841,0x1062,0x18A2,0x20C3,
    0x20C4,0x18C4,0x1063,0x0821,0x0000,0x0842,0x1062,0x1062,0x18A2,0x20C2,0x20C2,0x18A1,0x1061,0x0820,0x9A66,0xDBA8,
    0xBB05,0xC326,0xD387,0xBB05,0xCB67,0xCB46,0xD3A7,0xC367,0xA264,0x6141,0x0000,0x2868,0x50EC,0x50AB,0x380D,0x200A,
    0x388B,0x69EA,0x79E3,0xAAA4,0x91E2,0x6941,0x5101,0x81C1,0xA284,0x5142,0x61E4,0x3944,0x4964,0x69E5,0x69E4,0x38E2,
    0x8203,0x6963,0x48A4,0xA174,0x7950,0x200E,0x280A,0x0000,0x0042,0x0884,0x3147,0x416B,0x490D,0x58AF,0x7932,0x7111,
    0x78F3,0x78D3,0x68B2,0x5872,0x60B2,0x78D4,0x88D6,0x90D7,0x9956,0x7993,0x394A,0x4067,0x7203,0xA4D1,0xFFFF,0xE73C,
    0x8C71,0xFFFF,0xEF1B,0x8A43,0x2080,0x486F,0x2009,0x5161,0x6124,0x1844,0x38A8,0x38E9,0x492A,0x4128,0x6331,0x6AF0,
    0x3A2E,0x6D3B,0x9C5C,0xA3BD,0x8C1E,0x39B0,0x384D,0x7087,0x9000,0x4000,0x8980,0xD380,0x9240,0x2880,0x1800,0x2000,
    0x2040,0x40C1,0x40A0,0x40A0,0x3880,0x3060,0x3880,0x48E0,0x40A0,0x0800,0x60EB,0xAA4F,0xAB4E,0x504F,0x406C,0x7A0C,
    0x820A,0x5109,0x380C,0x9093,0xB0D8,0x90B4,0x60AE,0x4049,0x2026,0x1006,0x40CA,0x28C3,0x0000,0x0000,0x0821,0x0821,
    0x0821,0x0841,0x1062,0x1062,0x0021,0x0042,0x1062,0x20A2,0x3122,0x5226,0x7306,0x93A7,0x9345,0x8B24,0x8B43,0x8B03,
    0x7A82,0x59C2,0x3901,0x48E1,0xB284,0xB2C4,0xA242,0xC326,0xAA84,0xC305,0xDBA8,0xB2C4,0xCB66,0xBAE5,0x81A2,0x2880,
    0x0000,0x512A,0x50AD,0x68EF,0x386B,0x200B,0x5129,0x5984,0x89E2,0x9A43,0x81A2,0x50E1,0x40A0,0x89E2,0x9223,0x9A85,
    0x5162,0x69E4,0x7204,0x8265,0x8A45,0x61C4,0x30E1,0x38E2,0x38C2,0x78AE,0xCA1A,0x3087,0x0000,0x0002,0x0000,0x0000,
    0x0000,0x0000,0x1060,0x0000,0x0000,0x0000,0x0000,0x0840,0x1041,0x1863,0x2064,0x2063,0x1862,0x0821,0x0000,0x0000,
    0x0000,0x2023,0x71E3,0x9C8F,0xFFFF,0xF79D,0x94B2,0xFFFF,0xEEFB,0x7A02,0x1861,0x406D,0x2008,0x51A2,0x5924,0x0000,
    0x0000,0x0002,0x10A5,0x0844,0x3A2D,0x53D9,0x7CF8,0xAD1E,0xCCDD,0x8BFB,0x5252,0x294C,0x0827,0x88A7,0xA0C0,0x79C0,
    0xBB40,0xE440,0xA2C0,0x3880,0x1800,0x3800,0x1000,0x1020,0x40A0,0x50E1,0x58E1,0x48A0,0x40A0,0x3080,0x0820,0x3048,
    0x796F,0x616E,0x4850,0x4812,0x40AD,0x824A,0xAB26,0x9AA8,0x7A08,0x7A09,0x300B,0x482C,0x6851,0x6850,0x7891,0x508D,
    0x2809,0x1001,0x0000,0x0020,0x0000,0x0000,0x0020,0x0020,0x0020,0x20C2,0x5A65,0x72E6,0x9B8A,0x82C4,0x8B03,0x8B48,
    0x8306,0x4982,0x38E3,0x30C4,0x1862,0x1041,0x0801,0x0802,0x0000,0x6183,0xBAC5,0x9A23,0x9A22,0xAA63,0x89C1,0xAA63,
    0xBAC4,0x89E2,0xBAE5,0xAA63,0x5900,0x0800,0x2065,0x48E8,0x48CB,0x60EF,0x484E,0x200A,0x304C,0x38A4,0x91E2,0x89C2,
    0x6941,0x38A0,0x48C1,0x89E2,0xAA83,0xB326,0x6183,0xBB25,0x5983,0x5183,0x4963,0x30E2,0x6A04,0x4943,0x28A1,0x58E9,
    0xC159,0x58CB,0x0000,0x0823,0x0022,0x0000,0x1041,0x51A5,0x1061,0x1021,0x1020,0x0000,0x0000,0x0000,0x0000,0x0000,
    0x0000,0x0000,0x0000,0x1020,0x0821,0x0821,0x0801,0x2842,0x71E2,0x944F,0xFFFF,0xFFBE,0x9CD3,0xFFFF,0xEEFA,0x79C1,
    0x1840,0x486E,0x1006,0x6A23,0x5123,0x0000,0x3949,0x5251,0x4291,0x73B6,0x6B75,0x5C3A,0x84DB,0xEE3E,0xAD5D,0x7B7B,
    0x414B,0x1845,0x1023,0xA1C4,0xDBC0,0xA280,0xD3C0,0xECA0,0xAAC0,0x4880,0x3000,0x5800,0x3800,0x1000,0x1820,0x3080,
    0x40C1,0x3880,0x1820,0x1800,0x2022,0x484D,0x382D,0x4851,0x382F,0x4812,0x50EC,0x92AA,0x8A8A,0xAB49,0xCC08,0x8A68,
    0x48E7,0x2829,0x300B,0x484E,0x300B,0x7970,0x8192,0x612B,0x3067,0x1006,0x1844,0x28A4,0x30C5,0x28A4,0x5986,0x8AE7,
    0x9345,0x7285,0x3923,0x2062,0x1004,0x0806,0x0005,0x0004,0x1007,0x0806,0x0804,0x0805,0x2847,0x1807,0x1844,0xB2C6,
    0xDBA7,0x7182,0xA2A3,0xCB45,0x9202,0xAA83,0xB2A4,0x6961,0x9A23,0x89C2,0x2861,0x0002,0x3069,0x2848,0x384C,0x488C,
    0x692F,0x304A,0x200B,0x3081,0x81A2,0x7161,0x5901,0x2860,0x5121,0x89E2,0xAA84,0xBB05,0xC326,0x7204,0x4983,0x7A25,
    0x59A4,0x4942,0x4123,0x30E2,0x30C2,0x30A3,0x98B2,0xA935,0x0000,0x0002,0x0000,0x30A0,0x8226,0x1883,0x0000,0x0820,
    0x30E1,0x0820,0x0000,0x0821,0x0821,0x0822,0x0802,0x0802,0x0000,0x2883,0x0000,0x0821,0x0802,0x38A3,0x71C2,0x940E,
    0xFFFF,0xFFDF,0x9CD3,0xFFFF,0xE6DA,0x79E1,0x2081,0x488C,0x1024,0x5182,0x5167,0x4270,0x4B34,0x32D2,0x1AB2,0x1B14,
    0x2BB4,0x33D6,0x3B14,0x3B15,0x4B17,0x84BE,0x8336,0x596C,0x30A5,0xBBE2,0xCB80,0x81A1,0xCBC0,0xF4E0,0xAAE0,0x4860,
    0x4800,0x6800,0x5800,0x2000,0x2800,0x1000,0x2800,0x4800,0x5000,0x4800,0x5069,0x302C,0x300E,0x4830,0x302D,0x5033,
    0x200A,0x1809,0x386B,0x9AEA,0xA329,0xB387,0x8245,0x302B,0x2009,0x2809,0x202A,0x3867,0x922D,0xAAAF,0x79AB,0x3049,
    0x2848,0x38A9,0x79EC,0x924F,0x71CC,0x3068,0x1005,0x0005,0x1006,0x2007,0x1808,0x2869,0x40E7,0x5986,0x40E6,0x59A6,
    0x5987,0x40AA,0x2848,0x0002,0x5143,0xE3A8,0xC306,0x5942,0xAB0E,0xB328,0x5921,0xC347,0xB2E5,0x6142,0xBB06,0x6941,
    0x0000,0x1004,0x1828,0x280A,0x382F,0x304A,0x50CD,0x2008,0x1807,0x38A1,0x7162,0x5900,0x3080,0x2060,0x6161,0x89E2,
    0xB2A4,0xC346,0xDBC7,0x9AC6,0x7A45,0x3902,0x5184,0x8265,0x4122,0x4943,0x30C2,0x1860,0x70CB,0xC0F8,0x2045,0x0841,
    0x38E0,0x9A65,0x4106,0x0000,0x0000,0x0000,0x1860,0x28E2,0x0000,0x0000,0x0000,0x0801,0x0801,0x0802,0x0000,0x38A6,
    0x0821,0x0000,0x0801,0x38C1,0x6982,0x940E,0xFFFF,0xFFDF,0x94B3,0xFFFF,0xEEFA,0x71A1,0x0800,0x2008,0x0802,0x41A9,
    0x5B75,0x12D1,0x1B94,0x4C55,0x3C14,0x2BB5,0x0A51,0x1A30,0x33D6,0x1C7A,0x0A53,0x1B98,0x64DD,0x8AD8,0x2866,0xCC01,
    0xC360,0x6946,0x9283,0xF501,0xAB00,0x4020,0x6800,0x6800,0x8001,0x3000,0x3000,0x7821,0x9001,0xA801,0xB001,0x6821,
    0x402C,0x306B,0x694E,0x400F,0x402F,0x5051,0x2029,0x1008,0x510C,0x8A0C,0x2867,0xA326,0x8AC7,0x4909,0x2009,0x0803,
    0x2029,0x38A9,0x6126,0x810D,0xA1F1,0x81CB,0x3889,0x0805,0x1005,0x2828,0x592A,0x81CE,0x302C,0x282B,0x2027,0x1005,
    0x1007,0x38A9,0x8249,0xB349,0x92C8,0xAB8B,0x92A9,0x4925,0x0003,0x30C2,0xAAA5,0xE3A8,0x9222,0x6949,0x6935,0x614C,
    0x61C1,0xC408,0x8A63,0x79E3,0xCB46,0x38A0,0x0000,0x1024,0x1807,0x382F,0x280D,0x304B,0x304B,0x2009,0x2026,0x3080,
    0x5901,0x40A0,0x2040,0x2040,0x7182,0x9223,0xB2A4,0xCB46,0xAB26,0x7A45,0x4123,0x4984,0x71E4,0x69E4,0x5983,0x4922,
    0x4102,0x38C1,0x50A6,0xB8D7,0x60CC,0x38E4,0x69C2,0x7185,0x1020,0x0800,0x0801,0x2040,0x6980,0x8262,0x38C3,0x38E3,
    0x38C3,0x40E5,0x4104,0x4904,0x4103,0x69A5,0x5925,0x6104,0x9A04,0xA2C6,0x5121,0x9C0D,0xFFFF,0xFFDF,0x9492,0xFFFF,
    0xE6DB,0x5961,0x8329,0x6A27,0x18C5,0x32B2,0x014A,0x0A2F,0x09AD,0x0025,0x0087,0x21AA,0x2AF0,0x2BD7,0x1292,0x2B35,
    0x54DA,0x2272,0x2AF4,0x7B1A,0x79F1,0xBB62,0xAAE0,0x79E4,0x8A09,0xC3A4,0xAB20,0x4000,0x8000,0x8000,0x8801,0x3000,
    0x7800,0xB822,0xF085,0xE064,0x7021,0x3024,0x402B,0x696D,0xA2EE,0x58EE,0x382E,0x5874,0x382D,0x1008,0x48EB,0x614B,
    0x0806,0x6208,0x7A08,0x2865,0x280A,0x1806,0x1004,0x200A,0x50EA,0x58C8,0x692C,0x81AC,0x40C8,0x280B,0x202A,0x0803,
    0x0805,0x5129,0x71CC,0x38A8,0x282B,0x304A,0x1846,0x0004,0x40C4,0x5144,0x61A6,0x5965,0x5944,0x2024,0x40C6,0x89C4,
    0x9A03,0xBAE6,0x40C0,0x5127,0x6070,0x692B,0x6181,0xABC7,0x7A42,0x9264,0xAA63,0x2040,0x0000,0x1806,0x1808,0x382F,
    0x280B,0x200A,0x1807,0x302B,0x2024,0x3040,0x40C0,0x3080,0x1820,0x2860,0x79A2,0x9A43,0xBAE4,0xBAE5,0x61C4,0x4163,
    0x61E5,0x6A04,0x61C4,0x6A04,0x5963,0x5164,0x5163,0x38A1,0x40C3,0x90B1,0x608C,0x2005,0x6908,0x6945,0x6167,0x5106,
    0x6146,0x6145,0x9A84,0x5183,0x1824,0x1844,0x1823,0x1824,0x1844,0x1843,0x3849,0x2848,0x2827,0x6949,0x6925,0x50C2,
    0x61A1,0x9C4F,0xFFFF,0xF79E,0x8C51,0xFFFF,0xF77D,0xB3EB,0x6982,0xC48C,0x8328,0x0044,0x0A4F,0x09EC,0x0086,0x00EA,
    0x014D,0x00A9,0x1108,0x19EC,0x2B75,0x2C19,0x3AF5,0x3B56,0x016E,0x845B,0x8A93,0x8A80,0x9242,0x79E7,0x9AD3,0xA283,
    0x9AC0,0x4000,0x8800,0xA001,0x7801,0x5800,0x9801,0xB001,0xD822,0x7082,0x0000,0x2806,0x690E,0xAA32,0xBB4D,0x698D,
    0x402F,0x486D,0x304C,0x2029,0x306A,0x302B,0x200A,0x1807,0x38C8,0x1005,0x2008,0x384D,0x0804,0x1807,0x1808,0x2886,
    0x5186,0x698A,0x7A08,0x1808,0x302B,0x282A,0x0824,0x1022,0x822C,0x922B,0x48E5,0x2847,0x612C,0x40CA,0x2848,0x2027,
    0x2847,0x5107,0x48E7,0x302B,0x1042,0x40A1,0xA244,0x9203,0x1000,0x69A3,0x8A06,0x5921,0x6142,0xA2E5,0x4901,0x5901,
    0x6941,0x0800,0x0804,0x1806,0x280C,0x280B,0x200A,0x180B,0x386A,0x408A,0x1802,0x2860,0x3060,0x2860,0x1020,0x30A0,
    0x81C2,0x9A43,0xBAE5,0x9A65,0x61E4,0x6A04,0x71E4,0x5184,0x5983,0x59C4,0x59A4,0x5183,0x4902,0x38E1,0x30A1,0x788F,
    0x704F,0x0021,0x3047,0x0824,0x0004,0x0806,0x1026,0x1025,0x0804,0x0803,0x0802,0x0000,0x0000,0x0000,0x0000,0x0803,
    0x2008,0x1809,0x0805,0x1021,0x40C0,0x92E6,0xB407,0xB4B0,0xFFFF,0xEF5D,0x7BEF,0xFFFF,0xE71C,0x8AC7,0x6981,0x9B66,
    0xA3A8,0x00A7,0x016A,0x0045,0x00A9,0x014C,0x0AD4,0x0A52,0x0BD7,0x02D2,0x010B,0x1315,0x23B7,0x6338,0x19F2,0x2AD6,
    0x9359,0x8ACF,0x720C,0x92B1,0xA2D4,0x8A03,0x8A60,0x4000,0xB002,0xB802,0x7000,0x9021,0x7000,0x9801,0x7821,0x0000,
    0x0801,0x484B,0x9191,0x70F1,0x4107,0x2042,0x2041,0x2040,0x1840,0x1022,0x1806,0x40CA,0x616C,0x5147,0x1006,0x1006,
    0x200A,0x280A,0x1006,0x0002,0x1828,0x2027,0x38A9,0x3068,0x5947,0x2029,0x2028,0x282A,0x2009,0x0807,0x3065,0x9ACA,
    0x9269,0x2884,0x0822,0x5128,0x386A,0x1006,0x1007,0x48CA,0x3087,0x0000,0x0805,0x3083,0xCB67,0x8A24,0x0000,0x6961,
    0x9A22,0x5921,0x48E1,0x7141,0x2840,0x5101,0x40A0,0x0000,0x0805,0x2849,0x408C,0x2009,0x2828,0x7A4B,0x40EA,0x1808,
    0x1021,0x2860,0x2860,0x2040,0x0800,0x38A1,0x81C2,0x9223,0xB2C5,0x8204,0x5984,0x4964,0x7A66,0x5184,0x59A4,0x4984,
    0x69E4,0x61C4,0x5183,0x30A1,0x2081,0x78ED,0x786F,0x0000,0x0802,0x3046,0x0803,0x0804,0x0802,0x1020,0x20A0,0x2060,
    0x1803,0x1005,0x0805,0x1006,0x1007,0x1009,0x1008,0x200A,0x0006,0x4184,0x6205,0xBC6A,0xB3A7,0x9C0E,0xFFFF,0xE6FB,
    0x6B6D,0xFFFF,0xEF7D,0x3103,0x30A1,0x9284,0x71A4,0x0886,0x0063,0x00E9,0x0109,0x0B76,0x0A10,0x2C38,0x1335,0x0088,
    0x096B,0x1A30,0x0232,0x7C19,0x6A97,0x01F2,0x7B5B,0x8B3A,0xB39B,0x92B5,0x82CE,0x7A4F,0x6983,0x5000,0xC002,0x9822,
    0xA022,0x8000,0x6000,0x8021,0x3021,0x0000,0x2025,0x78B3,0x3049,0x0801,0x2020,0x50C0,0x7182,0x8A04,0x81C2,0x6120,
    0x40A0,0x30A0,0x49C5,0x7A28,0x6169,0x3086,0x1809,0x2008,0x2047,0x1003,0x1005,0x2029,0x1006,0x28A7,0x2047,0x382D,
    0x2009,0x2028,0x5148,0x5968,0x38C8,0x2064,0x6186,0x38A8,0x0805,0x0002,0x2046,0x302A,0x1006,0x1005,0x0803,0x4124,
    0x3085,0x40C2,0xC305,0x7182,0x0000,0x5922,0x9A22,0x48E1,0x38A0,0x7161,0x3060,0x3080,0x1020,0x0000,0x0805,0x386A,
    0x926B,0x3069,0x9AC8,0x8286,0x1009,0x2829,0x1020,0x2860,0x2040,0x1820,0x0800,0x30A0,0x7181,0x8A03,0xA264,0x8A44,
    0x4123,0x51A4,0x61C4,0x59E5,0x5184,0x6A05,0x5983,0x69E4,0x61A4,0x4102,0x2061,0x794B,0x686D,0x0000,0x0000,0x1824,
    0x484C,0x382D,0x688A,0xB204,0xE484,0xDB23,0x90EA,0x4830,0x3030,0x3833,0x4033,0x4855,0x5056,0x70F6,0x7A93,0x536C,
    0x2165,0x5921,0x71C0,0xBD53,0xFFFF,0xD69A,0x5AEB,0xFFFF,0xFFDF,0x51C5,0x59C2,0x8264,0x30C2,0x0023,0x00A6,0x0087,
    0x1355,0x0A71,0x1313,0x1B34,0x00A9,0x01AF,0x4B96,0x5B35,0x52F7,0x3377,0x943D,0x4B38,0x539A,0x93DB,0x5A75,0x59ED,
    0x31AA,0x933C,0x698A,0x5000,0xA803,0xA022,0xA801,0x7800,0x7800,0x6021,0x1020,0x0800,0x488C,0x2847,0x0000,0x2840,
    0x6942,0xA284,0xC347,0xD3A8,0xC326,0xAAA4,0x91E2,0x6100,0x2020,0x2082,0x8267,0x8207,0x2047,0x1006,0x3085,0x4907,
    0x0002,0x2027,0x0803,0x1828,0x1807,0x402D,0x1808,0x40C6,0x9267,0xA2C7,0x5166,0x0804,0x28A4,0x30A8,0x1807,0x1024,
    0x0000,0x0803,0x2027,0x1005,0x2868,0x4906,0x2062,0x30A2,0xA222,0x6141,0x0000,0x4902,0xAA83,0x48E1,0x2860,0x58E1,
    0x2040,0x0000,0x0000,0x0803,0x1006,0x200A,0x9AC9,0x8227,0xAB28,0x38A7,0x3087,0x2848,0x1020,0x2040,0x1840,0x1020,
    0x0000,0x2040,0x6962,0x81C2,0x9203,0x7A03,0x4964,0x4143,0x59A4,0x4984,0x51A5,0x3923,0x6205,0x61E4,0x5983,0x3902,
    0x40E2,0x50E7,0x58AB,0x0000,0x1023,0x0822,0x2045,0x2847,0x2007,0x8165,0xF4A2,0xB243,0x4047,0x1006,0x0006,0x0006,
    0x0009,0x0008,0x39CB,0x538D,0x538C,0x1108,0x1000,0x5121,0x9A84,0xE677,0xFFFF,0xC618,0x4A49,0xFFDF,0xFFFF,0x8328,
    0xB3A3,0x5141,0x0000,0x0065,0x00A7,0x016C,0x1335,0x01AE,0x0B97,0x0068,0x09AC,0x098C,0x0867,0x0003,0x4A73,0x635A,
    0x833A,0xCBBC,0x9B1C,0x941D,0x839B,0x5339,0x837C,0xA2B2,0x5101,0x5800,0xA022,0xC023,0x9000,0x7800,0x8021,0x4040,
    0x0800,0x2865,0x2866,0x0000,0x1840,0x50E0,0x9223,0xBB06,0xCB47,0xC326,0xB2C4,0xA263,0x91E2,0x81A2,0x6140,0x3080,
    0x0800,0x59A5,0x48C9,0x0807,0x38E4,0x8226,0x1822,0x0802,0x0803,0x1005,0x1827,0x1005,0x282A,0x38A5,0x81E7,0x9A87,
    0x69A4,0x3085,0x0804,0x0803,0x1826,0x0000,0x51A9,0x28A5,0x0002,0x0803,0x1005,0x0803,0x0003,0x2861,0x9224,0x6141,
    0x0000,0x2061,0x7161,0x50E0,0x0820,0x2040,0x0000,0x0000,0x1004,0x0804,0x40E6,0x79C9,0x8A47,0x8A64,0x7A05,0x9267,
    0x8A68,0x38A6,0x1000,0x1820,0x1000,0x0000,0x0000,0x1840,0x6942,0x6142,0x7182,0x79C3,0x61C4,0x28C2,0x6A05,0x7A45,
    0x61C4,0x61A4,0x5142,0x5962,0x69C3,0x30A1,0x1840,0x58C8,0x688C,0x0000,0x0802,0x3867,0x0821,0x2024,0x3829,0x8946,
    0xD403,0xA1E4,0x4808,0x180B,0x000A,0x002B,0x082E,0x498D,0x4AE9,0x2264,0x124D,0x2049,0x0820,0x1860,0x3820,0xBDB7,
    0xFFFF,0xB596,0x31A7,0xF79E,0xFFFF,0xA3CB,0x4080,0x1841,0x1862,0x0064,0x0067,0x0A2E,0x01AE,0x02B3,0x0A53,0x0089,
    0x110B,0x0003,0x0007,0x0047,0x11AD,0x7AF6,0x5A57,0x3A54,0xC3FD,0x5ADA,0x5BFC,0xAB5B,0x7971,0x714D,0x48E0,0x5801,
    0xB864,0xA801,0x8000,0x9801,0x5841,0x2860,0x1801,0x3087,0x0000,0x0000,0x2060,0x6961,0x9A43,0xB2C5,0xC305,0xBAE5,
    0xAA83,0x9202,0x89A1,0x79A2,0x6961,0x5900,0x2860,0x0000,0x2828,0x280B,0x30E4,0x8A86,0x4902,0x0000,0x1025,0x0803,
    0x1807,0x0802,0x1828,0x3047,0x6185,0x6166,0x4104,0x1004,0x0804,0x0802,0x0002,0x2085,0xEDD5,0x92A6,0x0000,0x0802,
    0x0802,0x1003,0x1843,0x38E1,0xAA86,0x48E2,0x0000,0x0800,0x50E1,0x6121,0x1020,0x0000,0x0000,0x0802,0x0804,0x1024,
    0x5147,0x71A6,0x71E5,0x9A85,0x8A06,0x5127,0x30A8,0x2006,0x0800,0x0800,0x0000,0x0000,0x0000,0x0820,0x50E1,0x5122,
    0x6183,0x4922,0x71E4,0x69C3,0x3944,0x4123,0x61A3,0x7267,0xA40E,0xAC72,0x9C31,0x7B0D,0x6227,0x48C5,0x586A,0x0821,
    0x0000,0x1023,0x4889,0x0000,0x4868,0xDAC7,0xFE25,0xE326,0x9830,0x5034,0x1031,0x082D,0x4168,0x42CD,0x19C3,0x2269,
    0x112B,0x0801,0x28C4,0x59C7,0x4985,0xD6BA,0xFFFF,0x9CF3,0x0001,0xE6FB,0xFFFF,0xE5D1,0x3080,0x38E2,0x4924,0x0025,
    0x08E8,0x0A4F,0x016C,0x0A93,0x012B,0x090C,0x28ED,0x0026,0x006B,0x008C,0x110C,0x7B17,0x3A53,0x0990,0x2B18,0x847D,
    0x62B9,0x4970,0x3840,0x9A64,0x7160,0x4822,0xC064,0xA801,0x9000,0x7021,0x3080,0x2040,0x2843,0x1823,0x0802,0x0000,
    0x48E1,0x6141,0x9223,0xBAE5,0xBAE5,0xAA83,0x9202,0x89C2,0x81A2,0x7161,0x6941,0x6141,0x40C0,0x1020,0x0000,0x2028,
    0x2066,0x6163,0x7A04,0x0821,0x0804,0x1005,0x1004,0x1826,0x0000,0x30C5,0x1843,0x2004,0x2064,0x0822,0x0000,0x0842,
    0x0000,0x8AAC,0xFEF1,0xBB83,0x2862,0x0021,0x0821,0x0802,0x0821,0x0000,0x1840,0x0800,0x0000,0x0000,0x4902,0x5942,
    0x1820,0x1041,0x1842,0x0003,0x0803,0x1005,0x1007,0x2044,0x8A85,0x79E6,0x8A06,0x5904,0x1006,0x2026,0x0000,0x0000,
    0x0000,0x0802,0x0000,0x0000,0x30A0,0x48E1,0x40E2,0x38E2,0x4963,0x9264,0x5942,0x59E7,0x9C72,0xDE7B,0xF73E,0xEEFD,
    0xEEBD,0xD5FA,0xB458,0x9233,0x4849,0x0000,0x1824,0x0000,0x3846,0x4889,0x0000,0x71A5,0xF5C5,0xE328,0xA051,0x4814,
    0x102D,0x516A,0x3A46,0x09E5,0x21A6,0x098C,0x0803,0x51E5,0x7B47,0x3A46,0x2988,0xE71C,0xFFFF,0x0001,0x0001,0xC638,
    0xFFFF,0xEEB6,0xB405,0x40E3,0x48E3,0x0043,0x00E7,0x01EE,0x014B,0x0210,0x00C8,0x098D,0x4274,0x0827,0x20AF,0x3871,
    0x20CE,0x39F1,0x82F8,0x82FA,0x6BBB,0x62D7,0x20E8,0x4843,0x4820,0x7160,0x6180,0x5023,0xB002,0xB801,0x8021,0x50C0,
    0x40C0,0x1820,0x1041,0x5984,0x1022,0x0000,0x6142,0x6961,0x9203,0xB2C4,0xAAA4,0xA243,0x9202,0x81A1,0x7161,0x7161,
    0x79A2,0x6941,0x48E0,0x2840,0x0000,0x0802,0x2028,0x3085,0x71E6,0x2062,0x0002,0x1005,0x0002,0x2046,0x1003,0x0802,
    0x28C5,0x3904,0x0821,0x0802,0x0000,0x59E4,0x30C0,0x5185,0xFE2C,0x9AE2,0x0800,0x4142,0x0820,0x0000,0x1020,0x9BAA,
    0x5985,0x0000,0x1041,0x2882,0x1041,0x1840,0x2881,0x40E2,0x30A2,0x1842,0x0002,0x1825,0x1005,0x69E5,0x8A44,0x6165,
    0x5943,0x79E4,0x30A5,0x1005,0x0000,0x0000,0x0002,0x0002,0x0000,0x0000,0x1020,0x38A0,0x2880,0x4123,0x4102,0x6161,
    0x9B6A,0xDE7B,0xF73E,0xE6BC,0xE69B,0xDE7B,0xD61A,0xC577,0xAB97,0xD27D,0x714E,0x0000,0x1043,0x2845,0x1824,0x486A,
    0x0000,0x0000,0x92C5,0xEC0B,0xB094,0x4011,0x2927,0x6268,0x01C6,0x1122,0x09A7,0x0947,0x5243,0x52C4,0x11A4,0x0042,
    0x49C6,0xF79E,0xFFFF,0x0001,0x0001,0xAD75,0xFFFF,0xC5B6,0xB408,0xD4CA,0x40C1,0x0022,0x00E8,0x01CE,0x0087,0x018D,
    0x014C,0x016D,0x3252,0x092A,0x306D,0xA215,0x99D1,0x284A,0x4A50,0x6232,0x8275,0x3909,0x1840,0x6023,0x7001,0x4820,
    0x5920,0x6823,0xB801,0x9821,0x50C0,0x71A0,0x30A0,0x0800,0x2847,0x2886,0x0802,0x1822,0x7164,0x9202,0x9A23,0xAA84,
    0xAAA4,0xA243,0x89E2,0x7161,0x7161,0x89E2,0x89E2,0x6941,0x40A0,0x2860,0x0801,0x0000,0x1825,0x1007,0x4906,0x30A5,
    0x0000,0x2045,0x1823,0x1021,0x2044,0x0000,0x8B28,0xE52B,0x3080,0x0000,0x3963,0x5982,0x2840,0xA42A,0xBC06,0xCC24,
    0x4101,0x38A0,0x4962,0x0000,0x59E5,0xE52B,0x7164,0x0000,0x0840,0x1041,0x0000,0x1021,0x38C2,0x4902,0x5122,0x2882,
    0x0803,0x40C5,0x2044,0x69C4,0x30A3,0x4925,0x30C3,0x2882,0x5144,0x0805,0x0801,0x0000,0x0000,0x0802,0x1005,0x0003,
    0x0000,0x1840,0x30A0,0x28A1,0x40C1,0x72AA,0xDE9C,0xDE9B,0xDE5A,0xE6BC,0xE69B,0xDE7B,0xD5DA,0xCD98,0xCC7A,0xC25D,
    0x9934,0x0000,0x0821,0x2065,0x3027,0x4069,0x60AE,0x38C5,0xBC24,0xF34B,0xA056,0x180E,0x31A3,0x39C3,0x0144,0x1143,
    0x0104,0x5202,0x4AE3,0x0122,0x00A6,0x4941,0x7B2A,0xFFFF,0xFFDF,0x0001,0x0001,0x8C71,0xFFFF,0xDEDA,0x48E1,0xBBC7,
    0xC428,0x2062,0x00A7,0x094B,0x0085,0x012A,0x018F,0x020F,0x3A34,0x5273,0x182A,0xAA11,0xDB92,0x68AD,0x3006,0x3889,
    0x3064,0x6101,0x6921,0x2821,0x7802,0x5000,0x3840,0x6843,0x8841,0x60E0,0x81E0,0x8A00,0x2880,0x1823,0x2848,0x0802,
    0x0000,0x3864,0x7984,0x9A43,0xAA84,0xBAE5,0xB2C4,0x9A63,0x81C2,0x7161,0x81C2,0xAA63,0x89C1,0x6941,0x38A0,0x2040,
    0x1020,0x0000,0x0000,0x2027,0x1827,0x2028,0x0000,0x1862,0x28A3,0x0821,0x2044,0x0002,0x38A1,0xBBC8,0xAC6A,0x1840,
    0x4101,0x2060,0x4164,0xEDEC,0x30A0,0xA3C6,0x9B23,0x0000,0x1820,0x6A88,0xEE0E,0x8A23,0x1001,0x0000,0x0000,0x0021,
    0x2103,0x1081,0x0800,0x1861,0x38C2,0x2882,0x1023,0x30A3,0x1023,0x48E3,0x1023,0x1023,0x28C3,0x0002,0x30C4,0x1043,
    0x1004,0x0000,0x0802,0x2009,0x2027,0x0000,0x0802,0x0000,0x1840,0x2060,0x4944,0xC578,0xD61A,0xDE5B,0xE6BC,0xDE7B,
    0x9C73,0x6B0D,0x628C,0x624C,0x7A10,0xB9B9,0x9935,0x0000,0x0821,0x0821,0x0000,0x0803,0x606F,0x90F3,0xA26D,0xB1EC,
    0x9855,0x2049,0x4A63,0x1163,0x0081,0x0082,0x2922,0x3201,0x0163,0x0063,0x28A1,0x8AE6,0x838D,0xFFFF,0xE73C,0x0001,
    0x0001,0x6B4D,0xFFFF,0xFFFE,0x8288,0x1000,0x92A4,0x8A47,0x0886,0x0109,0x0086,0x0087,0x094B,0x09CE,0x3B35,0x52B6,
    0x41B0,0x512C,0xB397,0x7A32,0x38AB,0x30A9,0x3085,0x5928,0x79AA,0x1821,0x38A6,0x7042,0x3800,0x80A5,0x81A2,0xB300,
    0xA280,0x8A20,0x38A0,0x1003,0x0822,0x0000,0x0000,0x50A4,0x79A2,0x9A43,0xB2E5,0xBB05,0xB2A4,0x9A22,0x7981,0x7981,
    0x9A43,0xB2C4,0x91E2,0x6941,0x40C0,0x1820,0x0800,0x0000,0x0000,0x1826,0x1006,0x1005,0x0821,0x0800,0x1842,0x1023,
    0x0803,0x0841,0x0020,0x59A3,0xF5EC,0xDD2B,0x49A3,0x0000,0xB46A,0xA385,0x0000,0x49A3,0xE528,0x2060,0x8369,0xE58E,
    0xC406,0x3880,0x0840,0x18A1,0x0000,0x30E1,0x9328,0xCD4F,0x6245,0x0000,0x0821,0x1841,0x0821,0x0801,0x0002,0x1022,
    0x0803,0x0802,0x1042,0x0802,0x0822,0x0842,0x0804,0x1025,0x1007,0x404E,0x2044,0x2046,0x1845,0x0000,0x0000,0x1820,
    0x7B0D,0xC558,0xCDB9,0xE69C,0xE6DC,0x9C93,0x1883,0x20E4,0x1082,0x0841,0x0000,0x1022,0x50EB,0x3928,0x0020,0x0000,
    0x2025,0x1807,0x1006,0x68AD,0x9037,0x8093,0x6091,0x1006,0x1942,0x0082,0x00A2,0x1060,0x2141,0x1162,0x08A4,0x0800,
    0x9B03,0x7184,0x9472,0xFFFF,0xC638,0x0001,0x0001,0x4208,0xFFFF,0xFFFF,0x82EA,0x3882,0x1820,0x71C3,0x30A6,0x00E8,
    0x00A7,0x0066,0x00A8,0x1251,0x33D7,0x3C36,0x21CF,0x4B36,0x5376,0x7CBB,0x7CDB,0x8439,0x7356,0x61D1,0x38AA,0x30CB,
    0x18CB,0x4822,0x5002,0x68E4,0xA2A0,0xDC00,0xAAA0,0x81E0,0x48E0,0x1021,0x2866,0x1844,0x1823,0x7106,0x79C2,0xAA84,
    0xBB05,0xC326,0xB2A4,0x9222,0x7981,0x81C2,0xAAA4,0xB2C4,0x9203,0x7181,0x48E0,0x0800,0x0000,0x0000,0x0000,0x0802,
    0x2888,0x1022,0x1021,0x0000,0x0822,0x0822,0x0000,0x0000,0x1040,0x1840,0xCCEA,0xA365,0xD4E9,0xA3E9,0xD54A,0x38C0,
    0x1843,0x2041,0xBC26,0xE58A,0xABC7,0x7A64,0xABA7,0x1800,0x28C1,0x28E2,0x0000,0x0000,0x2860,0xA366,0xCC6F,0x30A5,
    0x0000,0x0000,0x0000,0x0000,0x0000,0x0000,0x0000,0x0000,0x0000,0x0801,0x0000,0x0801,0x0822,0x1005,0x2048,0x2828,
    0x2007,0x2028,0x0801,0x0000,0x0000,0x0820,0x8350,0xACB6,0xD5DA,0xCDB9,0xE69C,0x62CC,0x1062,0x2925,0x20E4,0x18A3,
    0x0861,0x1043,0x3848,0x2866,0x50EB,0x0000,0x2026,0x382B,0x482F,0x584F,0x80F0,0x9036,0x7852,0x2084,0x9285,0x20C3,
    0x0062,0x10E1,0x0942,0x0062,0x0801,0x49E2,0x82E4,0x2822,0xC618,0xFFFF,0xA534,0x0001,0x0001,0x0001,0xE71C,0xFFFF,
    0xDE13,0xDD4A,0xC56D,0x7224,0x2021,0x00A6,0x0086,0x00A7,0x0025,0x0A70,0x1251,0x12D3,0x02AF,0x016D,0x010B,0x23D5,
    0x7E9E,0x5D7C,0x5C3C,0x6275,0x2A10,0x69F5,0x288D,0x0844,0x3002,0x5982,0xBB80,0xEC60,0xC360,0x81E0,0x6140,0x1020,
    0x1803,0x2847,0x2044,0x6906,0x79C2,0xA263,0xC326,0xC346,0xAA83,0x8A02,0x7161,0x81C2,0xAAA4,0xB2C4,0x9202,0x7181,
    0x48E0,0x0820,0x0000,0x0000,0x0000,0x0000,0x38A6,0x2885,0x1041,0x0000,0x0000,0x0000,0x2922,0x6AC5,0x8B04,0x38C0,
    0xA3E8,0x8B26,0x3080,0xE54A,0x8284,0x0000,0x2002,0x0000,0x4141,0x9B44,0x0000,0x9BA8,0x7203,0x1020,0x69C4,0x82E9,
    0x92C8,0x30A1,0x4941,0xB408,0x8245,0x3883,0x0000,0x0841,0x3983,0x6AC7,0x938A,0x93CA,0x8B6A,0x8B68,0x6265,0x1061,
    0x0000,0x0000,0x0000,0x0000,0x0801,0x1023,0x0802,0x0000,0x0000,0x0000,0x0000,0x0000,0x628D,0xAC95,0xC579,0xD5FA,
    0xBD16,0x5A4B,0x0842,0x18C4,0x2105,0x10A3,0x0041,0x688F,0x584E,0x0000,0x7091,0x3848,0x0000,0x382B,0x7054,0x9057,
    0x7071,0x88D4,0xA079,0x586C,0xAA47,0x58E6,0x0000,0x00C0,0x00A0,0x4163,0x7285,0x4A63,0x18A0,0x20E3,0xE73C,0xFFFF,
    0x0001,0x0001,0x0001,0x0001,0xBDD7,0xFFFF,0xC596,0x4902,0xAC0A,0xDCC6,0x6961,0x0064,0x00A7,0x00C8,0x0066,0x0087,
    0x1315,0x1334,0x0A51,0x0A50,0x09EF,0x1271,0x2290,0x1271,0x33F8,0x7B17,0x28EA,0x214E,0x40F1,0x1069,0x0004,0x4101,
    0xB320,0xFD00,0xD3C0,0x7980,0x5920,0x1020,0x0000,0x0000,0x3866,0x6105,0x81E2,0xAA84,0xC346,0xBB25,0xA263,0x81C2,
    0x7162,0x89E2,0xB2C5,0xBAE4,0x9A23,0x7161,0x48C1,0x1020,0x0000,0x0000,0x0000,0x0000,0x0000,0x2886,0x1041,0x0000,
    0x49E3,0xAC6B,0xCD4E,0xC4C8,0xA344,0x5961,0x6A03,0xCC66,0x0000,0x2060,0x4122,0x3183,0x5245,0x5A65,0x5A44,0x4141,
    0x3942,0xC449,0x3881,0x0000,0x2020,0x38E1,0x6182,0x7223,0xBC6C,0xA327,0x48E0,0x2081,0x6A45,0xB42B,0xABCA,0x9AC6,
    0x8AC6,0x8285,0x82E8,0x8B29,0x8AE6,0x9B67,0x28E1,0x0000,0x0000,0x0000,0x0000,0x0000,0x0000,0x0821,0x0841,0x0000,
    0x0020,0x0000,0x3947,0xAC55,0xA455,0x49C9,0x1883,0x30C7,0x1024,0x20E4,0x2966,0x18C4,0x3888,0x7090,0x6870,0x0000,
    0x6810,0x582C,0x0000,0x2827,0x6853,0x6833,0x502E,0x588E,0x7853,0x7013,0x91CB,0x6965,0x3889,0x7891,0x408A,0x2123,
    0x1162,0x0860,0x4961,0x4A28,0xFFFF,0xFFFF,0x0001,0x0001,0x0001,0x0001,0x8C71,0xFFFF,0xDEFB,0x30A4,0x1000,0x8A63,
    0xCBA5,0x38A3,0x0086,0x0085,0x098B,0x0846,0x094C,0x12B2,0x1BB6,0x01EE,0x010A,0x096B,0x01ED,0x020F,0x01CE,0x3337,
    0x7A78,0x192C,0x2A0F,0x1069,0x18AA,0x28A3,0xC3A1,0xF4C0,0xD3A0,0x7160,0x7180,0x2040,0x0801,0x0000,0x4867,0x6905,
    0x81C2,0xA284,0xB2C5,0xB2A4,0xA264,0x89E2,0x7181,0x89E3,0xAAA4,0xAA84,0x9223,0x7162,0x50E1,0x1841,0x0000,0x0822,
    0x0802,0x0000,0x0000,0x1003,0x1021,0x9388,0xCD2E,0x9307,0x5961,0x3080,0x0800,0x0000,0x1881,0xD50B,0x8B68,0xB4CA,
    0xDD8C,0xDD6C,0xD52A,0xCCC9,0xCCA9,0xC446,0xCCA7,0x9AC3,0x2860,0x69E5,0x6247,0x5A84,0x8B86,0xA367,0x69A3,0x4100,
    0x7244,0xABAA,0x9307,0x5141,0x2040,0x1020,0x0000,0x0000,0x1861,0x51A7,0x4104,0x7201,0x8282,0x0800,0x0020,0x0020,
    0x0020,0x0820,0x0821,0x1883,0x0821,0x0821,0x0020,0x0000,0x1062,0x724F,0x1884,0x0801,0x734F,0xBCF7,0x28E7,0x0000,
    0x10A3,0x1043,0x3026,0x0821,0x2846,0x406A,0x684F,0x4849,0x0000,0x6090,0x688F,0x608F,0x380B,0x3009,0x400B,0x6813,
    0x6129,0x794C,0xB89D,0xB87B,0x8036,0x502E,0x1004,0x4941,0x38E0,0x6B6E,0xFFFF,0xE73C,0x0001,0x0001,0x0001,0x0001,
    0x52CB,0xFFFF,0xFFFF,0x8AEC,0x40E1,0x2860,0xA2E4,0x7183,0x0044,0x0024,0x094A,0x214D,0x0044,0x116C,0x012B,0x0A92,
    0x1335,0x0A30,0x090A,0x00E9,0x096C,0x010B,0x53D9,0x6B36,0x6BD9,0x6A14,0x18AB,0x1086,0xAB21,0xF4A0,0xD3E0,0x79C0,
    0x6100,0x2000,0x0820,0x0000,0x5087,0x6924,0x79C3,0x9A44,0xB2E5,0xAAA4,0x71A2,0x40C3,0x3083,0x6962,0x9A64,0x9A43,
    0x89C2,0x6941,0x5101,0x1840,0x0000,0x0801,0x0821,0x0841,0x1022,0x1803,0x61C3,0xA347,0x40C1,0x2061,0x0822,0x0843,
    0x2908,0x20C8,0x1083,0xC46B,0xC489,0x6A42,0x30C0,0x2860,0x1000,0x0800,0x1000,0x1840,0x30A5,0x592F,0x406D,0x38E4,
    0x82A6,0xB429,0x9367,0x7285,0x82E7,0x9327,0x9306,0x38E1,0x2060,0x1860,0x1881,0x20A2,0x2807,0x2847,0x0802,0x0000,
    0xA3CA,0xBCC8,0x82A4,0x0800,0x0020,0x0000,0x0000,0x0000,0x1041,0x1862,0x0021,0x0841,0x0000,0x0000,0x3888,0x2867,
    0x0000,0x49E9,0xCD7B,0xAC37,0x9413,0x738F,0x7B8F,0x5269,0x2945,0x18A3,0x0020,0x1003,0x7070,0x4048,0x2027,0x6033,
    0x9858,0x606E,0x408A,0x2026,0x2829,0x2828,0x6945,0x680F,0x9037,0xA8B8,0xB8BB,0x8857,0x5810,0x5106,0x0820,0xAD76,
    0xFFFF,0xBDD7,0x0001,0x0001,0x0001,0x0001,0x0001,0xEF5D,0xFFFF,0xA453,0x81E4,0x30C0,0x4901,0x7982,0x0824,0x00C9,
    0x0024,0x012A,0x0088,0x0066,0x08C8,0x0026,0x0887,0x116B,0x016C,0x016A,0x00EA,0x096F,0x094C,0x4B59,0x62D9,0x7B39,
    0x4A73,0x08AB,0x7A41,0xF4C0,0xD400,0x6940,0x5000,0x3000,0x0821,0x0021,0x5868,0x50E3,0x6161,0x69A2,0x5143,0x4124,
    0x40AB,0x7197,0x6916,0x2825,0x5122,0x79C3,0x79A2,0x5922,0x2881,0x3088,0x6972,0x8A16,0x5892,0x1025,0x28E2,0x6A04,
    0x61C3,0x2860,0x0802,0x1025,0x2869,0x6172,0x396E,0x0864,0x0041,0x2060,0x1001,0x2026,0x512D,0x6971,0x71D1,0x828F,
    0x4949,0x302C,0x8A7B,0xCC1F,0xA25E,0x404E,0x1020,0x4942,0x7A84,0x82C4,0x61E4,0x3080,0x0080,0x2243,0x6345,0x72C5,
    0x7245,0x3A23,0x1944,0x2826,0x0802,0x0000,0x5184,0x82A3,0x4922,0x0000,0x0000,0x49C3,0x93A8,0x8B07,0x3945,0x0000,
    0x0000,0x0820,0x0000,0x2044,0x78D1,0x0823,0x0821,0x93F4,0xDD9C,0x8312,0x5A8B,0x524A,0x736E,0xBD97,0xDE7A,0xA4F4,
    0x9C72,0x4A49,0x4069,0x504B,0x3029,0x502F,0x7013,0x580F,0x384A,0x2847,0x0804,0x40E3,0x6965,0x2808,0x484C,0x7052,
    0xB0D9,0x9878,0x6012,0x400A,0x1082,0xE73C,0xFFFF,0x0001,0x0001,0x0001,0x0001,0x0001,0x0001,0xBDD7,0xFFFF,0xBDB8,
    0x7167,0x51A1,0x38A0,0x7962,0x0802,0x00A7,0x0087,0x0045,0x00CA,0x0025,0x0002,0x1949,0x0025,0x5990,0x1867,0x214C,
    0x418F,0x00A9,0x3250,0x741A,0x943C,0x937B,0x5A35,0x71D7,0x7245,0xCB20,0x9921,0x4000,0x5801,0x3001,0x0021,0x0000,
    0x3825,0x3085,0x38E8,0x50EE,0x5953,0x7218,0x9B1D,0xC39F,0x5074,0x406F,0x1823,0x38C2,0x5922,0x38A1,0x2866,0x81BA,
    0xC45F,0xA2BD,0x5854,0x2808,0x7286,0x8227,0x1820,0x0805,0x1048,0x38AC,0x60F0,0x2869,0x0000,0x0000,0x1805,0x614F,
    0xA277,0xBB58,0x9AD5,0x61AE,0x514B,0x3906,0x40CE,0x9AFD,0xCB7E,0x60D4,0xAA5C,0x68D4,0x0021,0x0082,0x0903,0x08C2,
    0x0020,0x00E2,0x00C1,0x08E2,0x0923,0x10A1,0x3144,0x3AE5,0x4389,0x4289,0x2904,0x0821,0x0000,0x0000,0x0000,0x0000,
    0x6204,0x8AC4,0x7A64,0x9305,0xAB6A,0x822C,0x2885,0x0000,0x0000,0x1804,0x4048,0x0000,0x41A8,0xCD3A,0xD55B,0x7B0F,
    0x0000,0x0861,0x7BCF,0x5A8B,0x3145,0x49C8,0x7B8E,0xB4F5,0x8AD2,0x386A,0x2828,0x406D,0x7033,0x9057,0x402B,0x1826,
    0x0801,0x7964,0x2023,0x1805,0x382B,0x7012,0xA059,0x8035,0x6032,0x1805,0x4228,0xFFFF,0xFFFF,0x0001,0x0001,0x0001,
    0x0001,0x0001,0x0001,0x7BEF,0xFFFF,0xEF5D,0x71CB,0x40A1,0x9B65,0x79A3,0x0002,0x0025,0x1887,0x0003,0x512F,0x38EB,
    0x616F,0x510D,0x414C,0x7A56,0x9378,0x7B7A,0x8B7B,0x4A72,0x1AB4,0x0A92,0x3315,0x62FA,0x7299,0x3110,0x2086,0x7045,
    0x9003,0x5001,0x3000,0x1800,0x1024,0x40CC,0x5173,0x6958,0xA2DD,0xB35E,0xBBFF,0xCC3E,0xD47E,0x8118,0x382F,0x48CC,
    0x0002,0x1846,0x2862,0x2042,0x60F4,0xA25D,0xE49E,0x5855,0x404C,0x1823,0x50C4,0x1802,0x0024,0x2849,0x404E,0x48AE,
    0x0822,0x0000,0x0803,0x61AF,0xC318,0xCAB8,0x694E,0x2884,0x0800,0x0000,0x0000,0x1006,0x925B,0xDC1F,0x5011,0x200A,
    0xBA9E,0x6892,0x0000,0x1184,0x1225,0x2A46,0x18C2,0x09C4,0x1A24,0x08C2,0x00A4,0x0083,0x0022,0x0822,0x0841,0x0964,
    0x3A07,0x18A2,0x0000,0x0802,0x0802,0x1863,0x4966,0x3085,0x2808,0x408D,0x3847,0x30A2,0x48A9,0x510F,0x58F3,0x6135,
    0x6133,0x488E,0x4149,0xAC96,0xAC96,0x20C3,0x736E,0x6B0D,0x20E4,0x1062,0x5A8B,0x730E,0x9432,0x8BF0,0xABD5,0x71F1,
    0x0000,0x384D,0x6855,0x9097,0x6030,0x2007,0x3844,0x4863,0x0000,0x2847,0x504D,0x6870,0x80B2,0x6050,0x404B,0x0000,
    0x9471,0xFFFF,0xDEDB,0x0001,0x0001,0x0001,0x0001,0x0001,0x0001,0x4208,0xF7BE,0xFFFF,0x6AAD,0x7245,0xC469,0x4060,
    0x0822,0x0025,0x498D,0x50EA,0xA236,0x82D8,0x7337,0x7B5A,0x8C9B,0x3B97,0x32B3,0x1231,0x1291,0x645B,0x7B57,0x110C,
    0x008A,0x3376,0x8BBB,0x51B3,0x08A7,0x5069,0x6026,0x3800,0x2065,0x5130,0x7A19,0x9ADC,0xBBFF,0xC45E,0xC37D,0xBABE,
    0x91BB,0x897B,0xAA5D,0x3812,0x6911,0x1023,0x0000,0x1026,0x0823,0x30A9,0x895C,0xE4BE,0x8919,0x300D,0x3027,0x30A2,
    0x30A3,0x0803,0x3049,0x10A7,0x30EC,0x0000,0x0000,0x40A9,0xAAD6,0xC2D8,0x692E,0x1003,0x0000,0x0000,0x0000,0x0002,
    0x0804,0x6918,0xD3FF,0x90FA,0x0806,0x6131,0xBABE,0x300B,0x0000,0x0105,0x2A24,0x1A25,0x2A28,0x08E4,0x2226,0x31E3,
    0x21A4,0x0105,0x1887,0x40AD,0x50F0,0x7173,0x71B3,0x7A15,0x8A57,0x8278,0x8258,0x7998,0x6979,0x79DA,0x9ADD,0x91FC,
    0x6053,0x48CF,0x8239,0xB39E,0xCC1F,0xCBFF,0xCC3F,0xAA9E,0x6896,0x414B,0x6AED,0xB536,0xEF1D,0xC5F8,0x1062,0x18C4,
    0x2926,0x39A7,0x6B4E,0x9C93,0xCE19,0xCC7A,0x698E,0x2807,0x5010,0x7072,0x8056,0x400D,0x3849,0x1803,0x0802,0x2046,
    0x3829,0x6030,0x9857,0xA058,0x602E,0x2064,0xD69A,0xFFFF,0xA514,0x0001,0x0001,0x0001,0x0001,0x0001,0x0001,0x0001,
    0xCE59,0xFFFF,0xC5F6,0xBC28,0x89E2,0x40A1,0x38A3,0x0022,0x38EB,0xBAB8,0x492D,0x0109,0x010B,0x096C,0x0908,0x1A8F,
    0x3AD5,0x3AD5,0x1292,0x096E,0x4AB4,0x52D3,0x198E,0x096E,0x2274,0x7AFB,0x30EE,0x5045,0x4023,0x490F,0x8A9B,0xAB9E,
    0xCC3E,0xC35D,0xB1DD,0x913B,0x7097,0x6032,0x4011,0xB2DD,0x8198,0x58B3,0x40CA,0x0000,0x0804,0x0803,0x0804,0x68D6,
    0xBB5E,0xDB9E,0x3810,0x406A,0x1002,0x3883,0x0022,0x0804,0x10C9,0x098B,0x0000,0x1025,0x8A51,0xD3B4,0xA9D3,0x3008,
    0x0803,0x384C,0x2849,0x0002,0x0023,0x0000,0x484F,0xCB9F,0xC25D,0x200B,0x2008,0xC2DD,0x80F7,0x1004,0x0020,0x0042,
    0x11E7,0x2AA5,0x226A,0x20C6,0x10C3,0x31C7,0x1163,0x2089,0x921B,0xB2DD,0xCBBF,0xCB9F,0xCB7F,0xD39F,0xD39F,0xCB9E,
    0xD3FF,0xCC3E,0xC39E,0xDCFE,0xA27C,0x8096,0x90D9,0xB2FE,0xD3FE,0xB9DD,0x98FA,0x7096,0x60D6,0xBBDC,0x99FC,0x400F,
    0x524A,0xC599,0xB517,0xEF1D,0x3987,0x0842,0x18A3,0x2925,0x522A,0x7BB0,0xACD5,0xBD37,0xBC99,0x724E,0x1022,0x480D,
    0x8037,0x9078,0x480E,0x384A,0x6871,0x380B,0x402B,0x7832,0xB07A,0xA8B8,0x8014,0x8A33,0xFFFF,0xFFFF,0x0001,0x0001,
    0x0001,0x0001,0x0001,0x0001,0x0001,0x0001,0x8430,0xFFFF,0xFFDE,0xBC08,0x48C0,0x38E1,0x6983,0x50EA,0x79F2,0x18C8,
    0x01AE,0x096B,0x0066,0x0087,0x0025,0x0065,0x092B,0x3B95,0x5C7A,0x3272,0x01F0,0x4377,0x298E,0x196F,0x3212,0x3AB9,
    0x3991,0x2046,0x6955,0xAB5F,0xD43E,0xC2BD,0xA8BC,0x7816,0x500F,0x3029,0x0803,0x1807,0x899B,0xD35E,0x5814,0x7951,
    0x0002,0x0000,0x1046,0x0002,0x304B,0x99BD,0xF4DF,0x88B8,0x406D,0x2847,0x0020,0x1842,0x0023,0x0108,0x01A9,0x0022,
    0x492B,0xAB35,0xA2D3,0x4088,0x0801,0x0000,0x6915,0xCB7F,0x80F8,0x1805,0x0002,0x1808,0x99DB,0xF3DF,0x7815,0x0804,
    0x8998,0xC27E,0x300C,0x0000,0x0042,0x00A3,0x00E4,0x22A7,0x2246,0x2968,0x0802,0x10A4,0x1045,0x8139,0xDC7F,0xDBFD,
    0xAA7B,0x99FA,0x8999,0x8157,0x8138,0x80D9,0x80F7,0x7099,0xA29D,0xA21A,0x8839,0x8897,0xC31D,0xDB1D,0xA059,0x6810,
    0x2007,0x0802,0x3810,0xAA3D,0xBAFC,0x5013,0x3908,0x8313,0xB3F9,0xEF1C,0x41C9,0x0842,0x18C4,0x0842,0x2925,0x3988,
    0x516C,0x8B12,0x9391,0x730F,0x520B,0x1864,0x380A,0x7853,0x7034,0x4810,0x7070,0x8837,0x8056,0x9076,0x98B6,0x98D7,
    0x6011,0xB478,0xFFFF,0xE71C,0x0001,0x0001,0x0001,0x0001,0x0001,0x0001,0x0001,0x0001,0x4208,0xF7BE,0xFFFF,0xD54E,
    0x2840,0x20A1,0x8A42,0x794E,0x28CA,0x016C,0x096D,0x0046,0x010A,0x0886,0x08C9,0x092A,0x0088,0x19CE,0x6C1A,0x1294,
    0x1336,0x2AD6,0x42B6,0x3190,0x192D,0x116E,0x10CA,0x6917,0xC3DF,0xD37D,0xA8BB,0x9037,0x502D,0x1824,0x0000,0x0000,
    0x0002,0x5875,0xD39F,0xA19A,0x6073,0x3889,0x0000,0x1004,0x0824,0x0824,0x6897,0xCB7E,0xDB1E,0x4811,0x50CC,0x0002,
    0x0000,0x0022,0x00C7,0x0128,0x0844,0x622E,0x7AB1,0x3907,0x0801,0x0000,0x0022,0x380D,0xC33E,0xCB7D,0x4010,0x0000,
    0x0000,0x6093,0xEC1F,0xB99C,0x1809,0x5090,0xDAFF,0x7075,0x0002,0x0000,0x00C4,0x11E5,0x0083,0x0904,0x2AA4,0x31A9,
    0x1824,0x0000,0x486E,0xD37F,0xCA7B,0x7816,0x6815,0x6813,0x6010,0x500F,0x480E,0x484D,0x5812,0xAA5C,0xCB5D,0x9898,
    0x582E,0xA9FA,0xE3BE,0xA01A,0x402B,0x0000,0x0000,0x0023,0x6036,0xDBFF,0xA9BA,0x6033,0x1844,0x50D1,0xD53C,0xCDF7,
    0x18C4,0x1063,0x18A4,0x20C5,0x1825,0x38EA,0x8A73,0xA2F5,0x9AD4,0x92F3,0xA375,0x9B73,0x39A7,0x0041,0x3849,0x504E,
    0x2025,0x7053,0x9857,0x9859,0x9857,0x580F,0x7073,0xE6DD,0xFFFF,0xA514,0x0001,0x0001,0x0001,0x0001,0x0001,0x0001,
    0x0001,0x0001,0x0001,0xC618,0xFFFF,0xF719,0x6982,0x1021,0x6162,0x50E8,0x010A,0x09F0,0x0044,0x012B,0x00EA,0x00E8,
    0x2AB1,0x5314,0x6417,0x5BD6,0x43FA,0x4B59,0xA41C,0x8BFA,0x5AF8,0x192C,0x096C,0x0088,0x6113,0xCB7F,0xC2BB,0x981A,
    0x6850,0x1824,0x0000,0x0002,0x0003,0x0002,0x282B,0xA9BE,0xE39E,0x7016,0x6910,0x0802,0x0002,0x1025,0x0002,0x308D,
    0xA17D,0xF45F,0x7837,0x50B1,0x2045,0x0000,0x0002,0x00E7,0x00A5,0x1887,0x59D0,0x3108,0x0000,0x0002,0x0805,0x1006,
    0x1809,0x9159,0xEC1F,0x7817,0x300D,0x406D,0x482F,0xB1FB,0xEBBF,0x5011,0x282A,0xD2BE,0x98F8,0x1005,0x0000,0x0000,
    0x08A4,0x31A4,0x1984,0x0042,0x2182,0x31C4,0x1083,0x0000,0x70D4,0xC23E,0x8836,0x484B,0x2826,0x1023,0x0801,0x0000,
    0x0000,0x400D,0xAA5C,0xD31D,0xA87B,0x58AC,0x2008,0xC9FE,0xA99A,0x480C,0x0000,0x0000,0x1004,0x5093,0xAA9C,0xE3DD,
    0x8038,0x608F,0x0000,0x200C,0xA31A,0x6ACD,0x0000,0x18A4,0x28A6,0x2866,0x1825,0x0002,0x0000,0x1043,0x20E6,0x2886,
    0x1803,0x30C7,0x71EF,0x724F,0x1883,0x0041,0x0041,0x5850,0x7014,0x6011,0x5832,0x500F,0x8AB2,0xFFFF,0xFFFF,0x0001,
    0x0001,0x0001,0x0001,0x0001,0x0001,0x0001,0x0001,0x0001,0x0001,0x6B8E,0xFFFF,0xFFFF,0xB429,0x1000,0x30C2,0x3904,
    0x012C,0x090A,0x0087,0x09AC,0x10EA,0x29AF,0x52F4,0x545B,0x54DB,0x555B,0x4C9B,0x9C1A,0x7234,0x49AF,0x8397,0x8BDC,
    0x18EB,0x208D,0xBB1E,0xD35D,0x9818,0x586D,0x0000,0x0000,0x0044,0x0045,0x0066,0x0825,0x6836,0xE3BF,0xB9DB,0x6853,
    0x3888,0x0000,0x0824,0x0844,0x0825,0x7898,0xE35E,0xD29E,0x5013,0x50AD,0x0000,0x0002,0x0085,0x0085,0x2067,0x310A,
    0x0843,0x0000,0x1005,0x9178,0xAA3B,0xB27B,0xB21C,0xDC5E,0xF41E,0xCA5D,0xCA3E,0xC1FE,0xB93D,0xE39E,0xB13B,0x280C,
    0xBA59,0xB9FC,0x2809,0x0000,0x0002,0x0002,0x0000,0x0860,0x3985,0x10A4,0x1083,0x1923,0x0020,0x0000,0x504E,0xA09A,
    0x3848,0x0000,0x0000,0x0000,0x0000,0x0000,0x484E,0xB1FD,0xDB7E,0xA87A,0x6890,0x0000,0x1004,0x7033,0x6852,0x1824,
    0x0000,0x1848,0x60B6,0xAA7E,0xEBFE,0x889A,0x8096,0x1824,0x0843,0x0803,0x282A,0x1885,0x1063,0x1064,0x0803,0x1043,
    0x2966,0x630C,0x736E,0x8C11,0x8C51,0x83F0,0x6B6D,0x528A,0x1083,0x2847,0x7110,0x0863,0x0083,0x3048,0x604F,0x7854,
    0x6833,0x500E,0xB597,0xFFFF,0xD69A,0x0001,0x0001,0x0001,0x0001,0x0001,0x0001,0x0001,0x0001,0x0001,0x0001,0x0001,
    0xEF3C,0xFFFF,0xEE95,0x69C0,0x1042,0x10E7,0x00C8,0x00A6,0x00EA,0x1250,0x0066,0x192B,0x8419,0x2B97,0x0B56,0x541A,
    0x6B16,0x11CE,0x00EA,0x09EE,0x016B,0x39D2,0x59D2,0x5092,0xD37E,0xB8FB,0x7011,0x0000,0x0002,0x0044,0x00C8,0x00EA,
    0x00A8,0x282C,0xB15D,0xF3FF,0x8017,0x504F,0x0803,0x0002,0x0865,0x0002,0x404D,0xB95E,0xFC9F,0x8859,0x5871,0x2045,
    0x0000,0x0023,0x0085,0x1065,0x1825,0x0002,0x0002,0x0000,0x2809,0xA15B,0xC27D,0xA9FA,0xDB3D,0xEBFE,0x98DA,0x7915,
    0x6091,0x380E,0xB9DB,0xF3BF,0x5812,0x99B6,0xC1DD,0x380C,0x0002,0x0000,0x0002,0x0804,0x488D,0x402E,0x1824,0x1863,
    0x0042,0x0843,0x508E,0x484F,0x1806,0x2847,0x0002,0x0000,0x0000,0x0002,0x0000,0x304B,0xB19C,0xEBBE,0xA89A,0x7872,
    0x0802,0x0002,0x0000,0x0802,0x1002,0x0822,0x386D,0x797A,0xC3BF,0xDBBD,0x9079,0x7894,0x2045,0x0000,0x41AA,0x93F3,
    0x49E9,0x0000,0x0842,0x2105,0x736E,0x9473,0xCE19,0xE6BC,0xEEFD,0xFF9F,0xFF9F,0xFF9F,0xF71D,0xE67C,0xBD58,0x732F,
    0x590D,0x386A,0x3087,0x38A3,0x0020,0x3046,0x3027,0x3947,0xF7BE,0xFFFF,0x0001,0x0001,0x0001,0x0001,0x0001,0x0001,
    0x0001,0x0001,0x0001,0x0001,0x0001,0x0001,0x9CD3,0xFFFF,0xF77D,0xBBC6,0x3901,0x0045,0x08E8,0x00C7,0x090B,0x09CE,
    0x08E8,0x016C,0x3B54,0x7CBB,0x2B96,0x7419,0x298F,0x012C,0x096D,0x0909,0x0045,0x0088,0x110C,0x7896,0xDAFF,0x8856,
    0x1805,0x0000,0x0045,0x00A8,0x090B,0x11AE,0x0046,0x7015,0xEB5F,0xD1FD,0x6814,0x3048,0x0000,0x0823,0x1024,0x0824,
    0x8057,0xE39E,0xDABE,0x6815,0x408A,0x0000,0x0002,0x0024,0x0065,0x1007,0x5070,0x9A18,0x78D6,0x282A,0x0003,0x2808,
    0x1809,0x5811,0xEBDE,0xC15D,0x380E,0x0002,0x0000,0x5810,0xF3FF,0xA8FB,0x80F6,0xDABD,0xB9FB,0xB1FA,0x7896,0x2028,
    0x0002,0x1807,0xAA5D,0xCADF,0x4810,0x0042,0x0021,0x382C,0xD33F,0xBA7E,0x5031,0x0000,0x0000,0x0002,0x0002,0x0002,
    0x2028,0x98FA,0xEB9E,0xB91B,0x8875,0x1824,0x0000,0x0002,0x0000,0x0804,0x300A,0x78B6,0xAA5E,0xD3BE,0xB27B,0x7877,
    0x6870,0x1825,0x0000,0x20A5,0x5A2C,0xB4B5,0x522A,0x2945,0x83D1,0xAD16,0xDE7B,0xEEDD,0xE6DC,0xCDF9,0xBDB8,0xA4D4,
    0x8C11,0x8C11,0x9472,0xACF5,0xC558,0xC53A,0x9B17,0x7191,0x1844,0x2884,0x0022,0x1860,0x0800,0x8450,0xFFFF,0xEF7D,
    0x0001,0x0001,0x0001,0x0001,0x0001,0x0001,0x0001,0x0001,0x0001,0x0001,0x0001,0x0001,0x3A08,0xF7BE,0xFFFF,0xCD30,
    0x71A0,0x0822,0x00E8,0x00E8,0x0089,0x0A10,0x096B,0x09EF,0x2AF4,0xACFC,0x4C19,0x5337,0x22B7,0x1358,0x2271,0x08EA,
    0x0087,0x08A8,0x00A7,0x6033,0xD2BF,0x8117,0x302D,0x2868,0x0067,0x00EA,0x2230,0x092B,0x282B,0xB97C,0xF41E,0x983A,
    0x5830,0x0803,0x0003,0x1046,0x0803,0x404D,0xC15D,0xF41F,0x9039,0x5813,0x2809,0x402C,0x382B,0x0023,0x382D,0x9139,
    0xD35F,0xE39E,0xD2FF,0x7878,0x1806,0x0000,0x300C,0xCADD,0xEB9F,0x7015,0x1825,0x0000,0x1807,0xB9DC,0xEB9E,0x9079,
    0xE3BD,0xDA9E,0xC25C,0xDBDE,0xC1DE,0x6013,0x0823,0x380C,0xCB1D,0xDB1E,0x6032,0x0822,0x0002,0x7075,0xEC7F,0xA99A,
    0x486E,0x0002,0x0002,0x0003,0x0002,0x1025,0x7896,0xDAFE,0xC9FC,0x9057,0x3047,0x0000,0x0002,0x0824,0x404E,0x80B8,
    0xB29D,0xDC5E,0xFC7E,0xCA7C,0xA1BC,0x8137,0x5890,0x2828,0x0843,0x3969,0x730F,0x8B91,0x8371,0xACB6,0xD5FA,0xDE5B,
    0xC598,0x8C11,0x526B,0x2926,0x20E5,0x20E4,0x18C4,0x1083,0x1063,0x1883,0x2905,0x5A8D,0x9AD7,0xAA58,0x1884,0x0024,
    0x10C4,0x28C5,0x3928,0xE73C,0xFFFF,0x9CF3,0x0001,0x0001,0x0001,0x0001,0x0001,0x0001,0x0001,0x0001,0x0001,0x0001,
    0x0001,0x0001,0x0001,0xB596,0xFFFF,0xE71C,0x9284,0x30C1,0x00A7,0x00E9,0x00E8,0x0211,0x092A,0x098C,0x1AF3,0x2B35,
    0x3B75,0x8D1D,0x9D5D,0x6C7B,0x5419,0x2271,0x090A,0x08AA,0x00A7,0x302A,0x90DA,0x915B,0x88FB,0x70F3,0x0003,0x192C,
    0x2211,0x00A7,0x7013,0xEB7F,0xDA7E,0x7015,0x3848,0x0000,0x0804,0x1006,0x1807,0x8017,0xEAFE,0xE29D,0x889A,0xA159,
    0xBA3B,0xDABF,0x7896,0x4830,0xC25E,0xF49F,0xB1FA,0x4810,0xB9FB,0xA95B,0x2008,0x280A,0xBA1C,0xFD7F,0xB93C,0x380C,
    0x0000,0x0002,0x5831,0xEB9F,0xC1BC,0xDB3E,0xB9FA,0x502F,0x2009,0x8937,0xDA9E,0x6014,0x1006,0x80B6,0xF45F,0xA8BB,
    0x2809,0x0000,0x2009,0xBA1D,0xE37D,0x8017,0x2046,0x0000,0x0003,0x0003,0x0002,0x5892,0xD27F,0xDABD,0x983A,0x50AC,
    0x0000,0x0002,0x0003,0x70B4,0xDAFF,0xE3FE,0xE43D,0xDB1D,0xD29E,0xD2DE,0xDB3D,0xD3BE,0xBA9E,0x887C,0x404C,0x2926,
    0x8B91,0x9391,0xAC35,0xC539,0xACB5,0x62AC,0x20E4,0x0000,0x0021,0x0021,0x0000,0x0000,0x0000,0x0000,0x0000,0x0021,
    0x0000,0x0000,0x2086,0xB9DA,0x510B,0x0084,0x2185,0x1902,0x94D3,0xFFFF,0xFFDF,0x0001,0x0001,0x0001,0x0001,0x0001,
    0x0001,0x0001,0x0001,0x0001,0x0001,0x0001,0x0001,0x0001,0x0001,0x4A8A,0xFFDF,0xFFFF,0xB48F,0x6160,0x0044,0x092B,
    0x00E9,0x0AF5,0x00C7,0x0909,0x1B33,0x1439,0x19CF,0x3C38,0x5CFA,0x84FA,0xAD3D,0x4337,0x09F1,0x00EB,0x090B,0x00C7,
    0x2808,0x6830,0x584E,0x1004,0x0000,0x194E,0x116E,0x202A,0xB93B,0xF41F,0x981B,0x6833,0x2809,0x400E,0x7095,0x9999,
    0xA1FB,0xD23D,0xEB7D,0xF39E,0xEB9F,0xD1FD,0xB17B,0x8096,0x6815,0xC2BE,0xE3BD,0xDA7E,0x6032,0x0824,0xB19A,0xA13A,
    0x482F,0xBA3C,0xE35E,0xEB5E,0x7817,0x1005,0x0000,0x0805,0xA179,0xEB3E,0xD23D,0xA1BA,0x2008,0x0000,0x1005,0xA99B,
    0xE31F,0x6815,0x50B0,0xDB3E,0xE2FE,0x6813,0x0802,0x0002,0x6834,0xEBFF,0xB97C,0x6051,0x0000,0x0002,0x0002,0x0000,
    0x404E,0xB1BD,0xEBBE,0xA099,0x70D0,0x0000,0x0002,0x0002,0x1005,0x90FA,0xCABD,0xA8FA,0x8017,0x8837,0x8056,0x7855,
    0x7035,0x80D8,0xE49E,0xA9BC,0x7016,0x3068,0x5A2C,0x9BB2,0x8B91,0x41A9,0x1042,0x0000,0x0000,0x0020,0x0020,0x0000,
    0x0000,0x2081,0x1040,0x0000,0x0820,0x0821,0x0821,0x0821,0x0000,0x512F,0x598C,0x0020,0x00C2,0x3A83,0xEF7B,0xFFFF,
    0xBDD6,0x0001,0x0001,0x0001,0x0001,0x0001,0x0001,0x0001,0x0001,0x0001,0x0001,0x0001,0x0001,0x0001,0x0001,0x0001,
    0xBDF7,0xFFFF,0xFFBD,0x92A5,0x1021,0x012A,0x00A7,0x09EE,0x012A,0x0066,0x00C8,0x1BD6,0x1B36,0x12B4,0x01F0,0x0A92,
    0x4399,0x74BC,0x43D8,0x29D0,0x092E,0x014D,0x0086,0x0023,0x0022,0x0021,0x0045,0x0088,0x0047,0x7815,0xEB3F,0xDA3D,
    0x903A,0xA15A,0xC2BD,0xD37E,0xE35F,0xEBBF,0xDAFE,0xE35D,0xE1FE,0xA87A,0x8036,0x5010,0x2008,0x2009,0xB1BC,0xF45F,
    0x8059,0xCA7D,0x80B6,0x280C,0xC21C,0xC9FD,0xD27D,0xA93B,0xDB5E,0xB9BC,0x400D,0x0002,0x0002,0x380B,0xCABD,0xEB9E,
    0xB19B,0x300B,0x0000,0x0000,0x380D,0xDADF,0xCA7D,0x7876,0xB9FB,0xEBFF,0xB0FB,0x2809,0x0000,0x300B,0xCA9D,0xE3DE,
    0x9879,0x3068,0x0000,0x0804,0x486E,0x304C,0x90FA,0xF3DF,0xB13B,0x88D6,0x2045,0x0000,0x0002,0x0002,0x0003,0x6873,
    0x8878,0x582E,0x2827,0x1024,0x0802,0x0802,0x1023,0x380F,0xB1DC,0xEB9E,0x7818,0x504D,0x20C5,0x3947,0x0000,0x0000,
    0x0000,0x0821,0x0821,0x0020,0x0820,0x0820,0x0000,0x1860,0x51A4,0x0820,0x0000,0x0020,0x0820,0x0821,0x0000,0x2849,
    0x48CB,0x0061,0x31C2,0xB591,0xFFFF,0xFFDF,0x0001,0x0001,0x0001,0x0001,0x0001,0x0001,0x0001,0x0001,0x0001,0x0001,
    0x0001,0x0001,0x0001,0x0001,0x0001,0x0001,0x528A,0xFFFF,0xFFFF,0xA46F,0x1000,0x00C6,0x0929,0x0129,0x0A50,0x0024,
    0x00E8,0x09CD,0x0AF5,0x1B56,0x0A31,0x09CE,0x018F,0x22D4,0x5C5A,0x6B39,0x5296,0x39D1,0x19AF,0x014C,0x00A8,0x0827,
    0x302E,0x7074,0xA139,0xC9BD,0xF4BE,0xF35E,0xEBBE,0xE35E,0xDB1E,0xCA1D,0xB0FB,0x8038,0x981A,0xEB7E,0xB89C,0x400F,
    0x1826,0x0002,0x0002,0x78B6,0xFC1F,0xB11B,0x280D,0xA15A,0xE2DF,0xC25C,0xEC3E,0xD29D,0x6893,0x80D7,0xFBFF,0x8017,
    0x1005,0x0002,0x0004,0x7876,0xF45F,0xC1DC,0x400E,0x0002,0x0000,0x0004,0x8077,0xF3BF,0xA8FB,0xA179,0xC21C,0xEB3F,
    0x7014,0x0802,0x0805,0x9119,0xF41E,0xC19C,0x7893,0x0000,0x0805,0x7915,0xBA3C,0x7818,0xD37E,0xCA5C,0x9038,0x488C,
    0x0000,0x0003,0x1807,0x2008,0x0803,0x0803,0x2025,0x0000,0x0000,0x0000,0x0000,0x0000,0x0000,0x300C,0xB15C,0xF37E,
    0x7817,0x404D,0x0000,0x0000,0x0000,0x0000,0x0000,0x0020,0x0020,0x0000,0x0000,0x0020,0x0020,0x0000,0x4143,0x4943,
    0x0000,0x0020,0x0020,0x0821,0x0020,0x2026,0x3027,0x0862,0x3966,0xEF3D,0xFFFF,0xB5B6,0x0001,0x0001,0x0001,0x0001,
    0x0001,0x0001,0x0001,0x0001,0x0001,0x0001,0x0001,0x0001,0x0001,0x0001,0x0001,0x0001,0x0001,0xBDB7,0xFFFF,0xE73D,
    0x4929,0x0802,0x0108,0x0087,0x09CD,0x00E9,0x0065,0x010A,0x00EA,0x0AB2,0x0AB5,0x1B35,0x09F0,0x010B,0x19CF,0x1212,
    0x3233,0x39F2,0x118D,0x108C,0x5032,0x917A,0xCABE,0xEBDF,0xEBDF,0xF41E,0xE23E,0xB91C,0xA0BA,0x8016,0x7013,0x580F,
    0x3009,0x480F,0xD25E,0xEADE,0x7816,0x302A,0x0002,0x0000,0x380C,0xD29E,0xE2BE,0x5812,0x0000,0x382B,0x80B8,0xCA7C,
    0xDA5E,0x4810,0x2009,0xDA9D,0xDA7E,0x4810,0x0002,0x0002,0x400E,0xD2FE,0xEBBE,0x6813,0x0803,0x0000,0x0000,0x400D,
    0xD2DE,0xDADD,0xB13B,0x8076,0xDB1D,0xC1BC,0x300A,0x0002,0x70B5,0xE31F,0xE35D,0xA8DB,0x2847,0x0805,0x9178,0xD25E,
    0x7815,0xB9FC,0xEBFE,0x9039,0x78F1,0x0000,0x202A,0x7937,0xB1DC,0xB19C,0x78B4,0x0803,0x0000,0x0000,0x0000,0x0000,
    0x0000,0x0000,0x0002,0x6015,0xD29E,0xDABD,0x6815,0x488D,0x0000,0x1041,0x1860,0x1880,0x1040,0x0000,0x0000,0x0000,
    0x0000,0x0000,0x0000,0x0820,0x2861,0x7A07,0x0000,0x0000,0x0000,0x0000,0x0000,0x2025,0x1044,0x0000,0x8C73,0xFFFF,
    0xF7DF,0x0001,0x0001,0x0001,0x0001,0x0001,0x0001,0x0001,0x0001,0x0001,0x0001,0x0001,0x0001,0x0001,0x0001,0x0001,
    0x0001,0x0001,0x0001,0x4A28,0xFFBE,0xFFFF,0xBD34,0x2041,0x0024,0x00E8,0x0087,0x09F0,0x0065,0x00A8,0x00A7,0x0066,
    0x0A52,0x0AF5,0x0293,0x0A31,0x1211,0x1A32,0x014C,0x0027,0x3830,0x99FB,0xD35F,0xE41F,0xDA9E,0xB11C,0xB8DD,0xF3BF,
    0xA85A,0x5811,0x2808,0x1824,0x0002,0x0000,0x0803,0x9879,0xFC1F,0xB91B,0x5011,0x2807,0x0000,0x0002,0x7073,0xF3DF,
    0xB0BB,0x2008,0x0000,0x0000,0x380D,0xDA9E,0xA11A,0x1807,0x6852,0xFBDF,0xA0B9,0x2008,0x0000,0x2009,0xA99B,0xF3BD,
    0xC15C,0x280A,0x0000,0x0002,0x2809,0xB17B,0xF35F,0xD13E,0x5890,0x78D4,0xF37F,0x7816,0x0804,0x6092,0xD2BF,0xD2BD,
    0xCA7D,0x6832,0x382B,0xBA1C,0xCA1D,0x5831,0x8899,0xFC3F,0xA91B,0x90F6,0x2045,0x200A,0xA1FC,0xE39F,0xA179,0x70B4,
    0x88B8,0x2046,0x0000,0x0002,0x0000,0x0022,0x0022,0x0000,0x406E,0xA89C,0xFC7F,0xA91A,0x6034,0x3047,0x0021,0x0021,
    0x0820,0x2080,0x3101,0x1040,0x0000,0x0020,0x10A1,0x2881,0x4922,0x5142,0x4902,0x5124,0x40E2,0x30E2,0x1040,0x0000,
    0x1023,0x2044,0x0002,0x39C8,0xF79E,0xFFFF,0xAD34,0x0001,0x0001,0x0001,0x0001,0x0001,0x0001,0x0001,0x0001,0x0001,
    0x0001,0x0001,0x0001,0x0001,0x0001,0x0001,0x0001,0x0001,0x0001,0x0001,0xC5B4,0xFFFF,0xFFFE,0xC4CC,0x4963,0x0064,
    0x0045,0x0086,0x09AE,0x0065,0x00A7,0x08E9,0x0025,0x00C8,0x014A,0x09CF,0x094D,0x00A9,0x0827,0x78D5,0xD37F,0xDB7F,
    0xC1BC,0x9078,0x5830,0x7015,0xE37E,0xE27E,0x7816,0x486B,0x0000,0x0002,0x0002,0x0000,0x400D,0xCA1E,0xF37E,0x7816,
    0x404D,0x0802,0x0002,0x1006,0xA159,0xEB5F,0x7016,0x0804,0x0002,0x1006,0xA9BA,0xDAFE,0x5812,0x0803,0x9938,0xEBDF,
    0x7016,0x0823,0x1006,0x9959,0xE2DE,0xE35E,0x7875,0x1005,0x0000,0x1807,0x9939,0xF3DF,0xC8DC,0x582F,0x1807,0xB23B,
    0xDB1E,0x4812,0x68D2,0xE2FF,0xA0FA,0xCAFD,0xB0FC,0x9958,0xD29E,0xB97B,0x3009,0x5010,0xE2FF,0xDABC,0x8056,0x50EC,
    0x0804,0x993A,0xEBFF,0x9098,0x2809,0x1003,0x3048,0x0000,0x0000,0x0042,0x0043,0x0022,0x0000,0x388D,0x903B,0xE39E,
    0xDADD,0x6814,0x588F,0x0000,0x0043,0x0042,0x0000,0x0020,0x0820,0x0800,0x20A1,0x4246,0x3922,0x71A2,0x9A62,0x7A03,
    0x4902,0x5164,0x6A04,0x7A25,0x5124,0x0000,0x0822,0x0020,0x0021,0xB5B7,0xFFFF,0xF7BD,0x0001,0x0001,0x0001,0x0001,
    0x0001,0x0001,0x0001,0x0001,0x0001,0x0001,0x0001,0x0001,0x0001,0x0001,0x0001,0x0001,0x0001,0x0001,0x0001,0x0001,
    0x0001,0xEF5D,0xFFFF,0xF719,0xAB04,0x5142,0x0044,0x0004,0x0067,0x00EA,0x0046,0x0087,0x00A9,0x0044,0x0005,0x0025,
    0x0066,0x0045,0x68D2,0xDB9F,0xB9DB,0x8836,0x400B,0x0823,0x2008,0xA97C,0xFC5F,0x9059,0x68D2,0x1804,0x0000,0x0003,
    0x0023,0x0824,0x8076,0xF3BF,0xC1BC,0x5011,0x3048,0x0000,0x0002,0x2009,0xC23D,0xDA7D,0x5010,0x0021,0x0003,0x70B5,
    0xE33F,0x98D8,0x2829,0x1806,0xC25D,0xDABE,0x4010,0x1005,0x9157,0xD25E,0xC1FC,0xDA5E,0x400F,0x0002,0x300B,0xA99A,
    0xEBBE,0xA91A,0x6052,0x0822,0x1805,0xB17D,0xD2DD,0xC23D,0xDAFE,0x7053,0x9978,0xF39F,0xCA1E,0xCA5E,0x8094,0x1004,
    0x1807,0xA95B,0xF43F,0x8057,0x7152,0x0802,0x402D,0xDB7F,0xC21C,0x480E,0x0021,0x0000,0x0000,0x0000,0x0042,0x0082,
    0x0000,0x0823,0x506F,0x987B,0xDB7E,0xF37F,0x8017,0x58F0,0x1844,0x0000,0x00C6,0x0063,0x0000,0x0000,0x0020,0x49C5,
    0x72EB,0x2903,0x6961,0xA282,0xBB23,0xCBE8,0xB367,0xAB68,0x92A5,0x9264,0xAA65,0x48E3,0x0021,0x0023,0x630D,0xFFFF,
    0xFFFF,0x0001,0x0001,0x0001,0x0001,0x0001,0x0001,0x0001,0x0001,0x0001,0x0001,0x0001,0x0001,0x0001,0x0001,0x0001,
    0x0001,0x0001,0x0001,0x0001,0x0001,0x0001,0x0001,0x738E,0xFFFF,0xFFFF,0xAC4E,0x79C0,0x2081,0x2103,0x3943,0x0863,
    0x0087,0x0024,0x0806,0x382F,0x70F5,0x5891,0x0825,0x0004,0x8117,0xA139,0x502D,0x1022,0x0000,0x0002,0x7077,0xF43F,
    0xB9FC,0x5892,0x492B,0x0000,0x0023,0x0024,0x0023,0x1809,0xA17B,0xFC5F,0x8037,0x486E,0x1024,0x0002,0x0002,0x280A,
    0xC1DE,0xD25D,0x380E,0x0804,0x6073,0xD33E,0xB1BB,0x5890,0x0000,0x280A,0xC21E,0xDABD,0x7856,0xA9F9,0xDA9F,0x7835,
    0xCB3C,0xB1BC,0xA1BA,0x89B7,0xC27D,0xDB5E,0xA0F9,0x584F,0x1823,0x0000,0x0803,0x6073,0x98FB,0xA97B,0x8057,0x8175,
    0xE3DD,0xC25B,0x88B6,0x300A,0x0000,0x0002,0x6835,0xEBBF,0xC1FB,0x7894,0x40CA,0x0000,0x6852,0xEB9F,0xA93A,0x402C,
    0x0000,0x0002,0x0021,0x0041,0x0041,0x0043,0x38AA,0x80D6,0xB13D,0xE3FE,0xEB5E,0x8817,0x68F2,0x3048,0x0000,0x0043,
    0x08E5,0x0041,0x18C2,0x2942,0x3A23,0x5A46,0x2082,0x5900,0x9221,0xAAA1,0xBB03,0xCBE8,0xED8F,0xF5B0,0xD46A,0xCBC8,
    0x9A62,0x9A27,0x1823,0x1127,0xE71C,0xFFFF,0xD6BA,0x0001,0x0001,0x0001,0x0001,0x0001,0x0001,0x0001,0x0001,0x0001,
    0x0001,0x0001,0x0001,0x0001,0x0001,0x0001,0x0001,0x0001,0x0001,0x0001,0x0001,0x0001,0x0001,0x0001,0xC618,0xFFFF,
    0xF79E,0x61C4,0xA3A6,0xF711,0xE4C6,0x9A87,0x2083,0x1025,0x78F7,0xCB3F,0xCA7E,0xA8FD,0x5870,0x0000,0x302B,0x406C,
    0x0002,0x0000,0x0000,0x384F,0xC25E,0xF3FF,0x6814,0x59EE,0x1023,0x0002,0x0024,0x0044,0x0022,0x4870,0xD2BF,0xE2FE,
    0x5813,0x408B,0x0000,0x0003,0x0003,0x1006,0x9099,0xDAFE,0x9978,0x999A,0xDAFF,0xB19B,0x6092,0x1042,0x0000,0x1005,
    0x90DA,0xD2BE,0xDADE,0xCA3C,0x500F,0x402D,0xB99E,0x6034,0xB1FB,0xD35E,0xA9DA,0x7034,0x384B,0x1023,0x0000,0x0002,
    0x0000,0x1006,0x6855,0xA99A,0xC21C,0xE37E,0xDADD,0x6013,0x0803,0x0000,0x0000,0x302B,0xB1DD,0xF3DE,0x7016,0x6930,
    0x1002,0x0000,0x6031,0xD1FE,0xCA5C,0x6816,0x302A,0x1025,0x1826,0x2048,0x508F,0x80B7,0xB1BD,0xDB1E,0xFC9E,0xCA3C,
    0x7836,0x6932,0x2848,0x0000,0x0002,0x2104,0x41C2,0x08E2,0x29E3,0x2983,0x0061,0x0800,0x40C0,0x7981,0x81C1,0xA282,
    0xBB24,0xD407,0xE469,0xDC69,0xCBE7,0xBB05,0xA242,0x91C4,0x5846,0x94B2,0xFFFF,0xFFFF,0x0001,0x0001,0x0001,0x0001,
    0x0001,0x0001,0x0001,0x0001,0x0001,0x0001,0x0001,0x0001,0x0001,0x0001,0x0001,0x0001,0x0001,0x0001,0x0001,0x0001,
    0x0001,0x0001,0x0001,0x0001,0x0001,0xF7BE,0xFFFF,0xEF18,0xD4E5,0x92A5,0x7181,0x81E3,0x38C2,0x6073,0xE39F,0xCA3C,
    0x6011,0x484D,0x404B,0x0000,0x0022,0x0000,0x0002,0x0000,0x1848,0x991B,0xFC7F,0xA8DB,0x5911,0x3108,0x0000,0x0023,
    0x0024,0x0065,0x0023,0x6876,0xEB7F,0xB95C,0x5011,0x3088,0x0000,0x0003,0x0023,0x0000,0x488D,0xA93C,0xC21E,0xC21C,
    0x80F6,0x588F,0x1844,0x0000,0x0002,0x0000,0x384B,0x6854,0x5870,0x380C,0x0802,0x1824,0x480D,0x3049,0x2808,0x300B,
    0x2809,0x2045,0x0000,0x0000,0x0000,0x0804,0x5070,0xB21B,0xD29E,0xA198,0x7876,0xDAFE,0xA159,0x302A,0x0000,0x0002,
    0x0803,0x7055,0xE3FF,0xC21B,0x6032,0x48CB,0x0000,0x0000,0x2027,0x909A,0xD35E,0xD2BD,0xA97C,0x9939,0x995A,0xA9DD,
    0xD2BF,0xEBBF,0xEC5E,0xDAFC,0x98B9,0x7836,0x68EF,0x2045,0x0000,0x0002,0x3143,0x52C3,0x1121,0x5A23,0x61E2,0x4140,
    0x2040,0x2860,0x38E1,0x50E0,0x7981,0xA263,0xAA82,0xC365,0xCBA5,0xCB86,0xB2C5,0xAAA3,0x9A42,0x60C0,0xAB30,0xFFFF,
    0xFFFF,0x0001,0x0001,0x0001,0x0001,0x0001,0x0001,0x0001,0x0001,0x0001,0x0001,0x0001,0x0001,0x0001,0x0001,0x0001,
    0x0001,0x0001,0x0001,0x0001,0x0001,0x0001,0x0001,0x0001,0x0001,0x0001,0x0001,0x7BF0,0xFFFF,0xFFFF,0xAC0F,0x3000,
    0x2021,0x1820,0x3848,0xBA5D,0xDAFD,0x6813,0x1825,0x0000,0x0000,0x0000,0x0086,0x0087,0x0044,0x0865,0x7098,0xE3BF,
    0xD25C,0x6052,0x61AE,0x0000,0x0000,0x0085,0x0066,0x0045,0x0806,0x80F9,0xF45F,0x9079,0x68D2,0x2045,0x0000,0x0023,
    0x0003,0x0003,0x0002,0x2808,0x502F,0x402D,0x1806,0x0000,0x0000,0x0000,0x0022,0x0042,0x0040,0x1042,0x0822,0x0000,
    0x0000,0x0000,0x0000,0x0000,0x0000,0x0020,0x0000,0x0000,0x0000,0x0000,0x2009,0x91B9,0xDABF,0xB19A,0x404D,0x1807,
    0xAA3A,0xDADE,0x6832,0x0822,0x0002,0x0002,0x2829,0xB1FC,0xFC7F,0x8038,0x60D0,0x1824,0x0000,0x0000,0x0000,0x506E,
    0x887A,0xB1DC,0xDB3E,0xE3FE,0xE41E,0xE3DE,0xDB1D,0xC21C,0x98DA,0x7015,0x6871,0x384A,0x0002,0x0000,0x0021,0x2123,
    0x4222,0x0901,0x51A1,0x8A40,0x59A3,0x7B29,0x836C,0x730B,0x59A4,0x38A1,0x6941,0x89E1,0x9A21,0xAA82,0xBB03,0xBB24,
    0xBB04,0xA262,0x89C1,0x79E4,0xEF1B,0xFFFF,0xDEDB,0x0001,0x0001,0x0001,0x0001,0x0001,0x0001,0x0001,0x0001,0x0001,
    0x0001,0x0001,0x0001,0x0001,0x0001,0x0001,0x0001,0x0001,0x0001,0x0001,0x0001,0x0001,0x0001,0x0001,0x0001,0x0001,
    0x0001,0x0001,0xC5F7,0xFFFF,0xFFDF,0x6288,0x69A2,0x4122,0x480F,0xE35F,0xB1DB,0x300C,0x0802,0x0002,0x0003,0x0046,
    0x08C9,0x00A6,0x0866,0x6096,0xD37F,0xEB7E,0x7015,0x71D1,0x1044,0x0000,0x0023,0x00C7,0x00A7,0x08A4,0x1007,0xA13B,
    0xF39F,0x7817,0x60B0,0x1023,0x0000,0x0000,0x6913,0x6914,0x0002,0x0020,0x0000,0x0000,0x1060,0x49C4,0x72C8,0x7AA7,
    0x7AE7,0x7AC6,0x7AA5,0x7264,0x6A25,0x7266,0x6A86,0x49C3,0x20E2,0x0000,0x0000,0x0000,0x0002,0x0022,0x0000,0x1806,
    0xA21B,0xDADF,0x6850,0x0804,0x0003,0x8937,0xE37F,0x9879,0x2828,0x0000,0x0022,0x0841,0x482F,0xB1DD,0x9138,0x6856,
    0x6910,0x0000,0x0021,0x82A8,0x38C2,0x0000,0x3028,0x5831,0x7837,0x9899,0x98D9,0x8057,0x7835,0x5851,0x408C,0x3047,
    0x1824,0x0000,0x0000,0x0041,0x1122,0x1942,0x00A1,0x3941,0x61C1,0x7B6C,0xC5D7,0xD638,0xBD96,0xE6DB,0x9BAD,0x5942,
    0x38A0,0x6961,0x89C1,0xA262,0x9A42,0x9A42,0x9A62,0x9221,0x6900,0xD617,0xFFFF,0xFFDF,0x0001,0x0001,0x0001,0x0001,
    0x0001,0x0001,0x0001,0x0001,0x0001,0x0001,0x0001,0x0001,0x0001,0x0001,0x0001,0x0001,0x0001,0x0001,0x0001,0x0001,
    0x0001,0x0001,0x0001,0x0001,0x0001,0x0001,0x0001,0x0001,0x0001,0xF77D,0xFFFF,0xF75B,0xD4EB,0x59C1,0x5010,0xDAFF,
    0xB1DB,0x5012,0x0821,0x0002,0x0025,0x0045,0x0065,0x2049,0x70B7,0xD37F,0xF41E,0x8016,0x7193,0x28C8,0x0000,0x0002,
    0x2948,0x1064,0x5288,0x3A04,0x1046,0xA11B,0xEB9F,0x6816,0x6091,0x1023,0x0003,0x50D1,0xD29E,0x484F,0x4984,0x4143,
    0x3123,0x8309,0x9B28,0x8AC5,0x6A04,0x38C1,0x2880,0x3901,0x51C4,0x6225,0x7AC5,0x8B26,0x8B06,0x9306,0x9348,0x9B88,
    0x82E6,0x5204,0x18A1,0x0000,0x0002,0x70F4,0xE31F,0x6832,0x0000,0x0000,0x70D6,0xDB5F,0xA91A,0x482D,0x0000,0x1062,
    0x5A07,0x1060,0x2828,0x7072,0x5030,0x68B2,0x50AD,0x0020,0x69E5,0x8266,0x5941,0x0000,0x0000,0x0000,0x1003,0x2026,
    0x2847,0x2005,0x1004,0x0021,0x2006,0x7874,0x7874,0x484C,0x7893,0x586F,0x08C2,0x08C2,0x1061,0x4100,0x9450,0xEF1C,
    0xD616,0xBD54,0x8BCE,0xC5B6,0xA3EE,0x7961,0x3881,0x38A0,0x8180,0x8A00,0x81C1,0x81E1,0x8A02,0x6900,0xAC6F,0xFFFF,
    0xFFFF,0x0001,0x0001,0x0001,0x0001,0x0001,0x0001,0x0001,0x0001,0x0001,0x0001,0x0001,0x0001,0x0001,0x0001,0x0001,
    0x0001,0x0001,0x0001,0x0001,0x0001,0x0001,0x0001,0x0001,0x0001,0x0001,0x0001,0x0001,0x0001,0x0001,0x0001,0x836D,
    0xFFDF,0xFFFF,0xDE37,0x30A0,0x400C,0xC19E,0xE39D,0x7838,0x404E,0x2028,0x2849,0x282B,0x5052,0xA1BC,0xE3DF,0xE37E,
    0x8037,0x7913,0x38A9,0x0000,0x0000,0x0885,0x5AE7,0x5243,0x5262,0x4A21,0x20A4,0x8078,0xD2FE,0xA95B,0x6836,0x60B4,
    0x81B8,0xD35F,0x78D5,0x0802,0x38E1,0x8AA8,0xABC9,0x7224,0x30A1,0x0820,0x0000,0x2924,0x936A,0xAC0B,0x8B28,0x6A24,
    0x5A03,0x49A1,0x59E4,0x7AA7,0x7225,0x8286,0x8AC6,0xA3A8,0xB429,0x9BA7,0x3084,0x99B9,0xBA3C,0x1809,0x1005,0x70D5,
    0xD35F,0xB1BB,0x582F,0x0000,0x28A3,0x8AA8,0x4943,0x0000,0x0061,0x0000,0x0802,0x0802,0x0800,0x4903,0x71E6,0x7A04,
    0x3901,0x0002,0x0064,0x00A4,0x0021,0x0020,0x0020,0x0020,0x1942,0x0920,0x482C,0x9078,0x6031,0x7091,0x9058,0x9077,
    0x1024,0x0080,0x2060,0x834C,0xF75C,0xD617,0xD637,0xB4D2,0xACD2,0xD637,0x7A46,0x79A1,0x48A1,0x3060,0x5100,0x6940,
    0x7981,0x79A1,0x68E0,0x932A,0xFFFF,0xFFFF,0xD63A,0x0001,0x0001,0x0001,0x0001,0x0001,0x0001,0x0001,0x0001,0x0001,
    0x0001,0x0001,0x0001,0x0001,0x0001,0x0001,0x0001,0x0001,0x0001,0x0001,0x0001,0x0001,0x0001,0x0001,0x0001,0x0001,
    0x0001,0x0001,0x0001,0x0001,0x0001,0x0001,0xB4F3,0xFFFF,0xFFFF,0x9470,0x2004,0x8879,0xC25C,0xDB9D,0xB21C,0xA99C,
    0xB25D,0xB29D,0xDB9F,0xEC1E,0xB9DA,0x8075,0x8192,0x3087,0x0000,0x0000,0x0003,0x3A26,0x52E2,0x4A61,0x1901,0x2941,
    0x0040,0x484E,0xA91D,0xC25D,0xB9BC,0xBA5D,0xC25C,0x7093,0x1806,0x0020,0x38C4,0x7A27,0x4920,0x0860,0x0861,0x08A2,
    0x51C5,0xB389,0x7A85,0x4141,0x1880,0x0840,0x1060,0x18A1,0x18A1,0x1061,0x20C2,0x4963,0x61A6,0x59A6,0x6A45,0x7A23,
    0x48E2,0x78B7,0xCADF,0x99D9,0xBA7D,0xD2BE,0xA119,0x484D,0x0821,0x5963,0x9AA8,0x4102,0x0020,0x1164,0x2163,0x10C1,
    0x41A1,0x59A1,0x8A64,0x8AA4,0x6A46,0x3122,0x0000,0x0085,0x0086,0x0907,0x2208,0x1168,0x10C4,0x39A2,0x2A03,0x2887,
    0x8055,0x504E,0x2006,0x5106,0x3849,0x7874,0x8054,0x2846,0x3921,0xBD96,0xDE78,0xD636,0xACF2,0xA470,0xD679,0x8B2A,
    0x71A2,0x6100,0x50C1,0x3061,0x3080,0x48E0,0x6961,0x60E0,0x7205,0xF77D,0xFFFF,0xE6FB,0x0001,0x0001,0x0001,0x0001,
    0x0001,0x0001,0x0001,0x0001,0x0001,0x0001,0x0001,0x0001,0x0001,0x0001,0x0001,0x0001,0x0001,0x0001,0x0001,0x0001,
    0x0001,0x0001,0x0001,0x0001,0x0001,0x0001,0x0001,0x0001,0x0001,0x0001,0x0001,0x0001,0x0001,0xD617,0xFFFF,0xFFFF,
    0x8BAE,0x2807,0x8058,0xA99C,0xCB1E,0xD31D,0xD31D,0xD2FD,0xA9FA,0x8877,0x80B6,0x610E,0x1843,0x0000,0x0040,0x2967,
    0x10A5,0x4201,0x2181,0x0080,0x10E2,0x2942,0x18C3,0x0000,0x380C,0x6014,0x6074,0x5852,0x2008,0x0002,0x0000,0x0002,
    0x2063,0x2022,0x0000,0x0020,0x0061,0x0840,0x69C2,0x3860,0x0020,0x0042,0x0002,0x0000,0x1880,0x20E1,0x18C1,0x1041,
    0x0020,0x0000,0x0000,0x20A2,0x4983,0x61C3,0x5981,0x2806,0x6895,0x91B8,0x8156,0x6853,0x2008,0x0800,0x38C0,0x4942,
    0x1020,0x0000,0x0061,0x00C2,0x0081,0x4182,0x7262,0x7223,0x59E5,0x30E1,0x0000,0x0000,0x0002,0x0024,0x0024,0x0003,
    0x0085,0x08C5,0x1123,0x1103,0x00A2,0x2809,0x9059,0x502E,0x1804,0x4866,0x1825,0x7853,0xA07A,0x3828,0x51A4,0xDE9A,
    0xD638,0xAD13,0xCE17,0xCDF6,0x8B4B,0x79E2,0x89E1,0x50E0,0x4864,0x2022,0x2840,0x40C1,0x4080,0x5943,0xE6DA,0xFFFF,
    0xF7BE,0x0001,0x0001,0x0001,0x0001,0x0001,0x0001,0x0001,0x0001,0x0001,0x0001,0x0001,0x0001,0x0001,0x0001,0x0001,
    0x0001,0x0001,0x0001,0x0001,0x0001,0x0001,0x0001,0x0001,0x0001,0x0001,0x0001,0x0001,0x0001,0x0001,0x0001,0x0001,
    0x0001,0x0001,0x0001,0x0001,0xD679,0xFFFF,0xFFFF,0x5ACA,0x1805,0x6051,0x7014,0x7815,0x7816,0x7055,0x5831,0x382B,
    0x1825,0x0000,0x0000,0x0081,0x41E2,0x5224,0x29C3,0x29A2,0x1102,0x0040,0x10E1,0x0881,0x0000,0x3983,0x62C4,0x6A05,
    0x4925,0x69C4,0x7284,0x72A5,0x72A5,0x7286,0x72C6,0x72A6,0x72C4,0x72E5,0x72E4,0x7AE4,0x7AE4,0x72E5,0x72C4,0x7B05,
    0x72C4,0x72C5,0x72A5,0x72C5,0x72E5,0x72A4,0x72C5,0x7AE6,0x72C6,0x6A43,0x6A43,0x61E4,0x71C3,0x5141,0x3081,0x2004,
    0x2004,0x2881,0x4100,0x6183,0x7A44,0x6A24,0x7265,0x72C5,0x7B26,0x7B05,0x72E4,0x7284,0x72A4,0x72A4,0x6A84,0x72C4,
    0x7AE6,0x72E6,0x72E6,0x72C6,0x72E6,0x7307,0x72E6,0x72E5,0x7B05,0x7306,0x6246,0x30C4,0x480D,0x8055,0x402B,0x2804,
    0x380A,0x8877,0x484C,0x0820,0x4101,0x834B,0xCDB6,0xBD75,0xAC90,0x7225,0x7161,0x6981,0x6100,0x3880,0x4866,0x1001,
    0x2040,0x3060,0x30A1,0xCE38,0xFFFF,0xFFFF,0x0001,0x0001,0x0001,0x0001,0x0001,0x0001,0x0001,0x0001,0x0001,0x0001,
    0x0001,0x0001,0x0001,0x0001,0x0001,0x0001,0x0001,0x0001,0x0001,0x0001,0x0001,0x0001,0x0001,0x0001,0x0001,0x0001,
    0x0001,0x0001,0x0001,0x0001,0x0001,0x0001,0x0001,0x0001,0x0001,0x0001,0x0001,0xEF1C,0xFFFF,0xFFBE,0x6288,0x1820,
    0x2043,0x2025,0x1804,0x1023,0x1022,0x2882,0x38E2,0x1862,0x0881,0x1922,0x21A2,0x1142,0x0080,0x00A1,0x08A1,0x08A1,
    0x00C1,0x20C1,0x9BC8,0xAC08,0x8B05,0x7223,0x5162,0x5982,0x59A2,0x5983,0x59A3,0x5983,0x5983,0x59A3,0x5983,0x5983,
    0x59A3,0x5983,0x5182,0x59A3,0x5982,0x5162,0x5182,0x59A2,0x5182,0x4942,0x4942,0x4962,0x4942,0x4101,0x4942,0x4962,
    0x4942,0x4943,0x30C1,0x38A1,0x40E0,0x30A0,0x2880,0x38A0,0x4921,0x28A1,0x38E1,0x5182,0x5163,0x4962,0x4962,0x4962,
    0x5182,0x5182,0x5182,0x5182,0x5182,0x59A2,0x5182,0x5182,0x5182,0x5183,0x5983,0x5983,0x5182,0x4961,0x59A3,0x61E4,
    0x7AE9,0x9BCB,0x7A6B,0x580F,0x7853,0x6031,0x8074,0xA07A,0x482C,0x00A1,0x30E3,0x6122,0x69A2,0x5142,0x48E1,0x5121,
    0x6140,0x50C0,0x3860,0x3022,0x4048,0x0820,0x1000,0x1820,0xBD95,0xFFFF,0xFFFF,0x0001,0x0001,0x0001,0x0001,0x0001,
    0x0001,0x0001,0x0001,0x0001,0x0001,0x0001,0x0001,0x0001,0x0001,0x0001,0x0001,0x0001,0x0001,0x0001,0x0001,0x0001,
    0x0001,0x0001,0x0001,0x0001,0x0001,0x0001,0x0001,0x0001,0x0001,0x0001,0x0001,0x0001,0x0001,0x0001,0x0001,0x0001,
    0x0001,0x0001,0xFFDE,0xFFFF,0xFFDE,0x92E7,0x50E0,0x30C0,0x1821,0x3943,0x5125,0x5985,0x51A5,0x6187,0x4204,0x22A3,
    0x1182,0x00E1,0x0901,0x10E1,0x00A1,0x0061,0x28E2,0xB429,0x7A63,0x2060,0x0842,0x0000,0x0803,0x0803,0x0804,0x0000,
    0x0000,0x0000,0x0000,0x0002,0x0002,0x0002,0x0002,0x0002,0x0002,0x0002,0x0000,0x0000,0x0000,0x0000,0x0000,0x5A45,
    0x9C29,0x8B87,0x20C1,0x5205,0x8326,0x6AA5,0x1081,0x0000,0x6AC6,0x7B26,0x0000,0x0020,0x93C8,0x49E3,0x0000,0x7327,
    0x72A5,0x0000,0x0000,0x0000,0x0842,0x0862,0x0000,0x0000,0x0000,0x0000,0x0000,0x0000,0x0000,0x0000,0x0000,0x0000,
    0x0000,0x0000,0x1005,0x1826,0x0000,0x0021,0x0882,0x10C1,0x6AEA,0x6B4C,0x6010,0x9859,0x6872,0x7032,0x2808,0x08A1,
    0x1882,0x3044,0x2840,0x2880,0x3081,0x38A1,0x3060,0x2060,0x2020,0x684B,0x2044,0x0800,0x0800,0xA514,0xFFFF,0xFFFF,
    0x0001,0x0001,0x0001,0x0001,0x0001,0x0001,0x0001,0x0001,0x0001,0x0001,0x0001,0x0001,0x0001,0x0001,0x0001,0x0001,
    0x0001,0x0001,0x0001,0x0001,0x0001,0x0001,0x0001,0x0001,0x0001,0x0001,0x0001,0x0001,0x0001,0x0001,0x0001,0x0001,
    0x0001,0x0001,0x0001,0x0001,0x0001,0x0001,0x0001,0x0001,0x0001,0xFFDF,0xFFFF,0xFF9D,0x6A27,0x3023,0x5987,0x5965,
    0x3085,0x1863,0x20A4,0x19A5,0x1182,0x08A1,0x1181,0x1A22,0x2162,0x8B46,0x5A43,0x20A2,0xB3E8,0x5141,0x1023,0x1065,
    0x1023,0x28A7,0x68D0,0x78D3,0x60EF,0x8152,0x3069,0x0000,0x0000,0x0021,0x0840,0x0841,0x0861,0x1082,0x18C2,0x1081,
    0x5226,0xC52E,0x6AC7,0x1061,0x0841,0x0820,0xA408,0x51C3,0x0000,0x93A8,0x9367,0x3942,0x0820,0x18C2,0x9BA7,0xAC28,
    0x28E3,0x0000,0xBC89,0xAC27,0x2944,0xBCCB,0x9346,0x0000,0x1081,0x20E2,0xA44C,0xBCED,0x3124,0x20E3,0x20E3,0x20E3,
    0x18C2,0x18A2,0x1081,0x0841,0x0000,0x0000,0x408B,0x6970,0x70F0,0x8114,0x410B,0x3888,0x0843,0x0863,0x0081,0x532A,
    0x4A4A,0x400B,0x1803,0x1023,0x0002,0x1843,0x3085,0x1823,0x2042,0x2840,0x2040,0x1020,0x1020,0x2021,0x5849,0x3867,
    0x0800,0x1800,0xACF3,0xFFFF,0xFFFF,0x0001,0x0001,0x0001,0x0001,0x0001,0x0001,0x0001,0x0001,0x0001,0x0001,0x0001,
    0x0001,0x0001,0x0001,0x0001,0x0001,0x0001,0x0001,0x0001,0x0001,0x0001,0x0001,0x0001,0x0001,0x0001,0x0001,0x0001,
    0x0001,0x0001,0x0001,0x0001,0x0001,0x0001,0x0001,0x0001,0x0001,0x0001,0x0001,0x0001,0x0001,0x0001,0x0001,0x62EC,
    0xFFDF,0xFFFF,0xE73D,0x82ED,0x2121,0x1882,0x2044,0x51E9,0x2A87,0x0A25,0x0942,0x19C3,0x42E4,0x3243,0x00C1,0x3121,
    0x8283,0x9B47,0x5941,0x0822,0x1086,0x0000,0x2868,0x8153,0xB219,0xCA3C,0xBA3A,0x8934,0x2027,0x0000,0x0821,0x2923,
    0x4183,0x49E4,0x5205,0x5A46,0x6287,0x5A46,0x7AC8,0xBCAC,0x72C7,0x41A4,0x20C2,0x0000,0x93C8,0x4183,0x0000,0x9387,
    0x8B46,0x3122,0x0000,0x72E7,0x9BE9,0x93A7,0x9367,0x0821,0x9387,0x7AE5,0xD52C,0x72A6,0x8327,0x0000,0x2923,0x4184,
    0x93CA,0xAC6B,0x51E5,0x5A26,0x5205,0x49C4,0x49A4,0x3983,0x3143,0x20A2,0x0021,0x0002,0x406C,0xAA59,0xCABB,0xB9D9,
    0xA1F8,0x508E,0x0802,0x1063,0x0883,0x0041,0x6B6C,0x51E9,0x0000,0x0040,0x08C1,0x18C3,0x1863,0x3085,0x2866,0x1001,
    0x3023,0x3845,0x4046,0x5048,0x2806,0x1020,0x5941,0xBD54,0xFFFF,0xFFFF,0xB5B6,0x0001,0x0001,0x0001,0x0001,0x0001,
    0x0001,0x0001,0x0001,0x0001,0x0001,0x0001,0x0001,0x0001,0x0001,0x0001,0x0001,0x0001,0x0001,0x0001,0x0001,0x0001,
    0x0001,0x0001,0x0001,0x0001,0x0001,0x0001,0x0001,0x0001,0x0001,0x0001,0x0001,0x0001,0x0001,0x0001,0x0001,0x0001,
    0x0001,0x0001,0x0001,0x0001,0x0001,0x0001,0x5B0C,0xFFDE,0xFFFF,0xEFBD,0x526B,0x1000,0x62C5,0x2AE6,0x0227,0x0943,
    0x2264,0x2B04,0x2A22,0x1901,0x21C2,0x10E0,0xABC8,0x7224,0x0800,0x1085,0x0021,0x0000,0x1025,0x79D2,0xBA19,0xE2DE,
    0xAA19,0xA1F6,0x8954,0x0804,0x0000,0x0000,0x0000,0x0000,0x0000,0x0000,0x0000,0x0000,0x0000,0x28E2,0x0000,0x0000,
    0x0000,0x0000,0x6AA6,0x3942,0x0000,0x6223,0x9346,0x6245,0x1040,0x72C6,0x28C1,0x1840,0x72A5,0x1080,0x6244,0x28E1,
    0x61C2,0x1040,0x6265,0x0000,0x0000,0x0000,0x20E2,0x2102,0x0000,0x0000,0x0000,0x0000,0x0000,0x0000,0x0000,0x0000,
    0x0000,0x384A,0xA9B8,0x99D6,0xD2BC,0xCA7B,0x99D7,0x614F,0x0802,0x0000,0x0883,0x0042,0x1943,0x830C,0x30E7,0x00A1,
    0x2141,0x3203,0x08E2,0x0042,0x0083,0x00C5,0x1064,0x2024,0x1823,0x0000,0x30C0,0x8AC4,0xDE77,0xFFFF,0xFFFF,0xB5B6,
    0x0001,0x0001,0x0001,0x0001,0x0001,0x0001,0x0001,0x0001,0x0001,0x0001,0x0001,0x0001,0x0001,0x0001,0x0001,0x0001,
    0x0001,0x0001,0x0001,0x0001,0x0001,0x0001,0x0001,0x0001,0x0001,0x0001,0x0001,0x0001,0x0001,0x0001,0x0001,0x0001,
    0x0001,0x0001,0x0001,0x0001,0x0001,0x0001,0x0001,0x0001,0x0001,0x0001,0x0001,0x0001,0x0001,0x0001,0xF79E,0xFFFF,
    0xF7BF,0xA4CD,0x2AA1,0x22C7,0x11E6,0x29C2,0x3324,0x19A1,0x00C1,0x30E2,0x49E1,0x6A23,0x9B88,0x2060,0x0843,0x0021,
    0x0000,0x0000,0x612F,0xA1F7,0x8914,0x8935,0xA197,0x506C,0x70D0,0x2847,0x1081,0x3143,0x1061,0x41C5,0x0020,0x4A06,
    0x5246,0x0000,0x3185,0x18A1,0x3144,0x20C2,0x10A2,0x6AC7,0x20C1,0x0000,0x41C5,0x5A46,0x18A1,0x5A46,0x5A66,0x3964,
    0x20E3,0x5A87,0x2944,0x0000,0x3984,0x1081,0x39A4,0x5A66,0x1061,0x0841,0x6287,0x3963,0x0840,0x41C5,0x0000,0x18A2,
    0x3163,0x18C2,0x3164,0x20E2,0x62A7,0x39A5,0x0000,0x50AC,0x380A,0x91D5,0x8973,0x8114,0x9134,0x99B6,0x3889,0x0000,
    0x0000,0x0082,0x0020,0x6284,0x724C,0x18C3,0x29C2,0x20E1,0x4A24,0x0062,0x0042,0x0884,0x0906,0x0042,0x0820,0x6A00,
    0xB3C7,0xE6DA,0xFFFF,0xFFFF,0x0001,0x0001,0x0001,0x0001,0x0001,0x0001,0x0001,0x0001,0x0001,0x0001,0x0001,0x0001,
    0x0001,0x0001,0x0001,0x0001,0x0001,0x0001,0x0001,0x0001,0x0001,0x0001,0x0001,0x0001,0x0001,0x0001,0x0001,0x0001,
    0x0001,0x0001,0x0001,0x0001,0x0001,0x0001,0x0001,0x0001,0x0001,0x0001,0x0001,0x0001,0x0001,0x0001,0x0001,0x0001,
    0x0001,0x0001,0x0001,0x0001,0x0001,0xE73C,0xFFFF,0xFFFF,0x9552,0x1181,0x10C1,0x6323,0x1161,0x08E3,0x0041,0x3142,
    0x5AE3,0x50E2,0x81E5,0x41C8,0x0843,0x0822,0x0000,0x0000,0x48AD,0x2807,0x408B,0x58EE,0x60B0,0x60EF,0x0000,0x0000,
    0x4A05,0xA3E8,0x8369,0x6A85,0x4A06,0xB4AC,0xBCCB,0x5246,0x93A7,0x8347,0xAC4C,0x20E2,0xA46C,0xA3C8,0xA44B,0x4A05,
    0xBCCC,0x9387,0x5205,0x8347,0xD5CE,0x41A3,0x8BA9,0xA428,0xB4AC,0x41C3,0x9C29,0x41C3,0xB4AA,0x9BC8,0x93EA,0x7308,
    0xAC0A,0xA408,0x5245,0xC50C,0x0000,0x4A05,0xA44A,0x49E4,0x940B,0x72E6,0xAC28,0xB48A,0x2902,0x0000,0x1024,0x7912,
    0x386A,0x6931,0x404B,0x3028,0x2847,0x0000,0x0821,0x0023,0x6AA5,0x7A64,0x4086,0x0842,0x2981,0x29C2,0x2141,0x2206,
    0x0042,0x0000,0x0000,0x28C1,0x8281,0xBC29,0xE6DB,0xFFFF,0xFFFF,0x0001,0x0001,0x0001,0x0001,0x0001,0x0001,0x0001,
    0x0001,0x0001,0x0001,0x0001,0x0001,0x0001,0x0001,0x0001,0x0001,0x0001,0x0001,0x0001,0x0001,0x0001,0x0001,0x0001,
    0x0001,0x0001,0x0001,0x0001,0x0001,0x0001,0x0001,0x0001,0x0001,0x0001,0x0001,0x0001,0x0001,0x0001,0x0001,0x0001,
    0x0001,0x0001,0x0001,0x0001,0x0001,0x0001,0x0001,0x0001,0x0001,0x0001,0x0001,0x0001,0xDEBA,0xFFFF,0xFFFF,0xA534,
    0x39A3,0x2160,0x00A2,0x1022,0x0801,0x3A63,0x29C2,0x0000,0x7945,0x8266,0x3965,0x0844,0x0021,0x0000,0x0802,0x0000,
    0x3089,0x7991,0x1805,0x2046,0x0000,0x0000,0x3963,0xEDCC,0xBC68,0x0000,0x8BC8,0x72E5,0x62A6,0x7307,0x8306,0xFE4D,
    0x51C3,0x0840,0xBCA9,0x1860,0xB4CB,0x3942,0xBC69,0x5A66,0x0000,0x2902,0xA46A,0x0000,0x8B66,0x8B68,0xA408,0x4181,
    0x93E8,0x49C3,0xAC08,0x8347,0x9386,0x9387,0x49C3,0x0800,0x3983,0xB4AA,0x0000,0x41E4,0x9C08,0x41A3,0x8B88,0x6AA5,
    0xB4CB,0x9B87,0x1061,0x0000,0x0802,0x0802,0x308A,0x81B3,0x0003,0x0802,0x0000,0x0821,0x0824,0x5203,0x9B04,0x60E6,
    0x0842,0x0020,0x1061,0x3A42,0x2161,0x4AA5,0x1105,0x0820,0x6A22,0x9B44,0xAC0D,0xE6FD,0xFFFF,0xFFFF,0x0001,0x0001,
    0x0001,0x0001,0x0001,0x0001,0x0001,0x0001,0x0001,0x0001,0x0001,0x0001,0x0001,0x0001,0x0001,0x0001,0x0001,0x0001,
    0x0001,0x0001,0x0001,0x0001,0x0001,0x0001,0x0001,0x0001,0x0001,0x0001,0x0001,0x0001,0x0001,0x0001,0x0001,0x0001,
    0x0001,0x0001,0x0001,0x0001,0x0001,0x0001,0x0001,0x0001,0x0001,0x0001,0x0001,0x0001,0x0001,0x0001,0x0001,0x0001,
    0x0001,0x0001,0x0001,0xCE98,0xFFFF,0xFFFF,0xDEDA,0x29E6,0x0000,0x1860,0x10C3,0x2142,0x0801,0x1022,0x1022,0x91C7,
    0x7A45,0x3104,0x0844,0x0821,0x0000,0x0000,0x2067,0x91D5,0x0000,0x0000,0x0000,0x0000,0x4183,0xCCA8,0xBC26,0x1081,
    0x8B65,0x7AA4,0x6AA5,0x7AA4,0x82E5,0xD4C7,0x8B66,0x1061,0xC486,0x20A1,0xB489,0x20A1,0x28E1,0xBCA9,0x49C3,0x20E2,
    0xAC49,0x0000,0x82E5,0xC447,0x9B86,0x0000,0xAC28,0x49A2,0xB407,0x7285,0x1860,0x9365,0x51E3,0x3184,0x49C3,0xB426,
    0x0000,0x41C4,0x9BA5,0x4183,0x93A8,0x72C4,0x8304,0x9BA7,0x49C3,0x0000,0x0020,0x0000,0x408B,0x8114,0x0000,0x0000,
    0x0000,0x0824,0x4184,0x9323,0x5904,0x1063,0x00A0,0x2142,0x0000,0x3144,0x4223,0x2982,0x49A5,0x5162,0x92C5,0xAC72,
    0xFFBF,0xFFFF,0xF7BE,0x0001,0x0001,0x0001,0x0001,0x0001,0x0001,0x0001,0x0001,0x0001,0x0001,0x0001,0x0001,0x0001,
    0x0001,0x0001,0x0001,0x0001,0x0001,0x0001,0x0001,0x0001,0x0001,0x0001,0x0001,0x0001,0x0001,0x0001,0x0001,0x0001,
    0x0001,0x0001,0x0001,0x0001,0x0001,0x0001,0x0001,0x0001,0x0001,0x0001,0x0001,0x0001,0x0001,0x0001,0x0001,0x0001,
    0x0001,0x0001,0x0001,0x0001,0x0001,0x0001,0x0001,0x0001,0x0001,0x0001,0xA4D4,0xFFFF,0xFFFF,0xEF5E,0x732C,0x92C2,
    0x8263,0x28A1,0x0000,0x1804,0x1825,0x2063,0x9225,0x7A63,0x28C3,0x0823,0x0821,0x0000,0x48EB,0xCB7C,0x58EE,0x0000,
    0x0000,0x0000,0x5204,0x9345,0x6203,0x9BC8,0x4141,0xB447,0xBC89,0x4121,0x93A6,0x59E2,0xAC07,0x51E3,0x9B85,0xAC4A,
    0x82E5,0x3942,0x9BA7,0xB449,0x4962,0x28E2,0xABE6,0x0000,0x9365,0x61E2,0x9B44,0x4182,0xA3C6,0x59E3,0x9B84,0x0000,
    0x0000,0x6222,0xB468,0xA3C8,0x4181,0xCCC6,0x8367,0x4182,0xA3C6,0xB469,0x5A03,0x6A83,0xABE6,0xAC07,0x3921,0x0000,
    0x0000,0x1825,0xA1F8,0xB1B8,0x1024,0x0000,0x0824,0x28C4,0x8AE4,0x7984,0x2083,0x1940,0x2962,0x41A2,0x0820,0x1003,
    0x31A3,0x21C2,0x40E2,0x4945,0xC597,0xFFFF,0xFFFF,0xDEDB,0x0001,0x0001,0x0001,0x0001,0x0001,0x0001,0x0001,0x0001,
    0x0001,0x0001,0x0001,0x0001,0x0001,0x0001,0x0001,0x0001,0x0001,0x0001,0x0001,0x0001,0x0001,0x0001,0x0001,0x0001,
    0x0001,0x0001,0x0001,0x0001,0x0001,0x0001,0x0001,0x0001,0x0001,0x0001,0x0001,0x0001,0x0001,0x0001,0x0001,0x0001,
    0x0001,0x0001,0x0001,0x0001,0x0001,0x0001,0x0001,0x0001,0x0001,0x0001,0x0001,0x0001,0x0001,0x0001,0x0001,0x0001,
    0x0001,0x7BCF,0xF7BE,0xFFFF,0xFFFF,0xEE96,0xBBA6,0x9AA1,0x6204,0x10A1,0x1003,0x1004,0x38A3,0x9A23,0x6A02,0x28C2,
    0x0002,0x0801,0x40EA,0x61AF,0x40EB,0x0000,0x0000,0x0000,0x1061,0x20A1,0x0000,0x3122,0x0000,0x28A0,0x30C0,0x0000,
    0x3122,0x1020,0x1880,0x20A1,0x0800,0x4162,0x0000,0x0000,0x28C1,0x30E1,0x0000,0x1061,0x20C1,0x0000,0x20E1,0x1060,
    0x20A1,0x20C1,0x20A1,0x1060,0x20C1,0x0000,0x0000,0x0000,0x3921,0x1040,0x0000,0x3921,0x4982,0x0800,0x1040,0x3121,
    0x0000,0x1060,0x3901,0x1860,0x0000,0x0000,0x0000,0x1825,0x50EC,0x510C,0x2044,0x0000,0x20C4,0x8AC4,0x79A4,0x3084,
    0x1080,0x7B02,0x3A02,0x51E4,0x1841,0x1040,0x3105,0x19A1,0x836C,0xE71C,0xFFFF,0xFFFF,0xBDF7,0x0001,0x0001,0x0001,
    0x0001,0x0001,0x0001,0x0001,0x0001,0x0001,0x0001,0x0001,0x0001,0x0001,0x0001,0x0001,0x0001,0x0001,0x0001,0x0001,
    0x0001,0x0001,0x0001,0x0001,0x0001,0x0001,0x0001,0x0001,0x0001,0x0001,0x0001,0x0001,0x0001,0x0001,0x0001,0x0001,
    0x0001,0x0001,0x0001,0x0001,0x0001,0x0001,0x0001,0x0001,0x0001,0x0001,0x0001,0x0001,0x0001,0x0001,0x0001,0x0001,
    0x0001,0x0001,0x0001,0x0001,0x0001,0x0001,0x0001,0x0001,0x0001,0xCE9A,0xFFFF,0xFFFF,0xEF1C,0xB44B,0x8A00,0x7A03,
    0x4183,0x1062,0x0000,0x40A3,0xA2A5,0x61A1,0x6A24,0xBC0D,0x38A2,0x0801,0x1082,0x20C3,0x20C3,0x20E3,0x18C3,0x18C3,
    0x2103,0x18A2,0x18A1,0x4164,0x49C5,0x1041,0x0000,0x49A6,0x6248,0x5A48,0x6287,0x5A66,0x62A7,0x62A7,0x5A65,0x6266,
    0x72C8,0x6AC8,0x6A68,0x72A8,0x6266,0x6A65,0x6A85,0x6A86,0x6246,0x6245,0x6246,0x6AA8,0x6A88,0x6A67,0x5A48,0x6AA8,
    0x5A28,0x0000,0x0000,0x3123,0x51E5,0x1881,0x20E2,0x20C2,0x18A2,0x18C2,0x20E2,0x20E3,0x20E3,0x18C2,0x0840,0x28E1,
    0xBC8A,0x7264,0x59C2,0x89E3,0x4085,0x0000,0x38E1,0x6263,0x29A1,0x5186,0x30A1,0x1820,0x28A6,0xAD35,0xFFFF,0xFFFF,
    0xFFDF,0x0001,0x0001,0x0001,0x0001,0x0001,0x0001,0x0001,0x0001,0x0001,0x0001,0x0001,0x0001,0x0001,0x0001,0x0001,
    0x0001,0x0001,0x0001,0x0001,0x0001,0x0001,0x0001,0x0001,0x0001,0x0001,0x0001,0x0001,0x0001,0x0001,0x0001,0x0001,
    0x0001,0x0001,0x0001,0x0001,0x0001,0x0001,0x0001,0x0001,0x0001,0x0001,0x0001,0x0001,0x0001,0x0001,0x0001,0x0001,
    0x0001,0x0001,0x0001,0x0001,0x0001,0x0001,0x0001,0x0001,0x0001,0x0001,0x0001,0x0001,0x0001,0x0001,0x0001,0x0001,
    0x9CD3,0xFFFF,0xFFFF,0xFFFF,0xCDD4,0x92C7,0x71A3,0x61C5,0x30E2,0x0000,0x6124,0x9244,0x8AC3,0xABA9,0x5961,0xA386,
    0xC447,0xBC26,0xBC26,0xB427,0xBC47,0xBC48,0xB408,0xB408,0xAB86,0xB366,0xB3A7,0x40E1,0x41C5,0x62A8,0x28C4,0x3907,
    0x4107,0x4128,0x4108,0x40E8,0x4107,0x4907,0x4909,0x510A,0x58EA,0x510A,0x4128,0x4928,0x4908,0x4908,0x40E8,0x4907,
    0x4908,0x4129,0x4108,0x38E7,0x4107,0x38E5,0x41E8,0x49EB,0x2881,0xAB87,0xA326,0x9264,0xB3C8,0xB3E5,0xB426,0xB408,
    0xB407,0xB407,0xABE5,0xB407,0xABE7,0x8AA3,0xB386,0x6202,0x6142,0x60E6,0x0000,0x0000,0x4101,0x5221,0x3163,0x3064,
    0x0000,0x52AB,0xDEDB,0xFFFF,0xFFFF,0xD6BB,0x0001,0x0001,0x0001,0x0001,0x0001,0x0001,0x0001,0x0001,0x0001,0x0001,
    0x0001,0x0001,0x0001,0x0001,0x0001,0x0001,0x0001,0x0001,0x0001,0x0001,0x0001,0x0001,0x0001,0x0001,0x0001,0x0001,
    0x0001,0x0001,0x0001,0x0001,0x0001,0x0001,0x0001,0x0001,0x0001,0x0001,0x0001,0x0001,0x0001,0x0001,0x0001,0x0001,
    0x0001,0x0001,0x0001,0x0001,0x0001,0x0001,0x0001,0x0001,0x0001,0x0001,0x0001,0x0001,0x0001,0x0001,0x0001,0x0001,
    0x0001,0x0001,0x0001,0x0001,0x0001,0x0001,0x0001,0x0001,0xDEFB,0xFFFF,0xFFFF,0xF79D,0xAC6F,0x7A24,0x69A3,0x4923,
    0x1040,0x7147,0x81C6,0x5140,0x5924,0x50E2,0x5121,0x4921,0x4921,0x40E0,0x4100,0x4121,0x38E0,0x40C0,0x3060,0x48C0,
    0x5900,0x59E4,0x6266,0x1022,0x2828,0x388B,0x386B,0x408C,0x40AC,0x40AD,0x488E,0x48AE,0x48CD,0x50AE,0xA218,0x58D0,
    0x404D,0x48CE,0x48EE,0x486D,0x60D1,0x50B0,0x48AE,0x40AC,0x40AC,0x388C,0x40AB,0x2848,0x0804,0x3988,0x59C8,0x48C0,
    0x40A0,0x3080,0x40C0,0x40E0,0x40E1,0x40C1,0x48C1,0x40C1,0x40E1,0x40E1,0x40C1,0x50E3,0x6161,0x61A3,0x5946,0x0801,
    0x2060,0x1820,0x4982,0x39E1,0x38C1,0x2945,0xAD55,0xFFFF,0xFFFF,0xFFFF,0x0001,0x0001,0x0001,0x0001,0x0001,0x0001,
    0x0001,0x0001,0x0001,0x0001,0x0001,0x0001,0x0001,0x0001,0x0001,0x0001,0x0001,0x0001,0x0001,0x0001,0x0001,0x0001,
    0x0001,0x0001,0x0001,0x0001,0x0001,0x0001,0x0001,0x0001,0x0001,0x0001,0x0001,0x0001,0x0001,0x0001,0x0001,0x0001,
    0x0001,0x0001,0x0001,0x0001,0x0001,0x0001,0x0001,0x0001,0x0001,0x0001,0x0001,0x0001,0x0001,0x0001,0x0001,0x0001,
    0x0001,0x0001,0x0001,0x0001,0x0001,0x0001,0x0001,0x0001,0x0001,0x0001,0x0001,0x0001,0x0001,0x0001,0x0001,0x94B2,
    0xFFDE,0xFFFF,0xFFFF,0xDEB9,0x9BCC,0x5943,0x38A0,0x1841,0x60E8,0x58C6,0x2803,0x0000,0x0002,0x0803,0x0801,0x4142,
    0x6A44,0x2081,0x0803,0x0062,0x0000,0x8B67,0x7A85,0x71E4,0x61E3,0x2046,0x1024,0x0000,0x0000,0x0000,0x0000,0x0000,
    0x7170,0x48ED,0x0804,0x50ED,0xE49D,0x9233,0x8A54,0x2829,0x0805,0x71D1,0xDCDC,0x81B2,0x0000,0x0000,0x0000,0x0000,
    0x0000,0x1844,0x30A9,0x3982,0x6186,0x40E1,0xA386,0x1060,0x0000,0x1022,0x0022,0x20A4,0x19A4,0x0061,0x0000,0x0002,
    0x0000,0x0801,0x4886,0x50A7,0x1021,0x2881,0x4902,0x2060,0x4161,0x4146,0x9471,0xF79E,0xFFFF,0xFFFF,0xCE9A,0x0001,
    0x0001,0x0001,0x0001,0x0001,0x0001,0x0001,0x0001,0x0001,0x0001,0x0001,0x0001,0x0001,0x0001,0x0001,0x0001,0x0001,
    0x0001,0x0001,0x0001,0x0001,0x0001,0x0001,0x0001,0x0001,0x0001,0x0001,0x0001,0x0001,0x0001,0x0001,0x0001,0x0001,
    0x0001,0x0001,0x0001,0x0001,0x0001,0x0001,0x0001,0x0001,0x0001,0x0001,0x0001,0x0001,0x0001,0x0001,0x0001,0x0001,
    0x0001,0x0001,0x0001,0x0001,0x0001,0x0001,0x0001,0x0001,0x0001,0x0001,0x0001,0x0001,0x0001,0x0001,0x0001,0x0001,
    0x0001,0x0001,0x0001,0x0001,0x0001,0x0001,0x0001,0xC618,0xFFFF,0xFFFF,0xFFFF,0xCE37,0x6AAA,0x3060,0x1000,0x0820,
    0x1860,0x1861,0x1021,0x0803,0x1004,0x3904,0x30E2,0x30C3,0x4A47,0x5184,0x3861,0x9AC4,0x5161,0x1800,0x81C5,0x4963,
    0x2848,0x1023,0x0000,0x0000,0x0021,0x1005,0xC3FB,0xAAB9,0xA258,0xBB7A,0xD43C,0xE4FD,0xC39B,0xB359,0x89F6,0xD45C,
    0x78F4,0x7953,0x1003,0x0000,0x0000,0x0000,0x1022,0x38CC,0x49A5,0x71C2,0x2020,0x30E0,0xB344,0x2080,0x08A2,0x3A04,
    0x4185,0x2825,0x2924,0x10A3,0x0804,0x0802,0x1061,0x1860,0x0800,0x1020,0x2880,0x3081,0x1000,0x3103,0xA471,0xE71C,
    0xFFFF,0xFFFF,0xEF5D,0x0001,0x0001,0x0001,0x0001,0x0001,0x0001,0x0001,0x0001,0x0001,0x0001,0x0001,0x0001,0x0001,
    0x0001,0x0001,0x0001,0x0001,0x0001,0x0001,0x0001,0x0001,0x0001,0x0001,0x0001,0x0001,0x0001,0x0001,0x0001,0x0001,
    0x0001,0x0001,0x0001,0x0001,0x0001,0x0001,0x0001,0x0001,0x0001,0x0001,0x0001,0x0001,0x0001,0x0001,0x0001,0x0001,
    0x0001,0x0001,0x0001,0x0001,0x0001,0x0001,0x0001,0x0001,0x0001,0x0001,0x0001,0x0001,0x0001,0x0001,0x0001,0x0001,
    0x0001,0x0001,0x0001,0x0001,0x0001,0x0001,0x0001,0x0001,0x0001,0x0001,0x0001,0x0001,0x0001,0x0001,0x6B4D,0xD6BA,
    0xFFFF,0xFFFF,0xFFDF,0xBDB6,0x6A88,0x4920,0x48E0,0x5921,0x5962,0x3902,0x1862,0x0802,0x0002,0x4126,0x5A84,0x2861,
    0x1844,0x50E2,0x9A63,0x3901,0x40C4,0x8A25,0x4144,0x306A,0x0801,0x0000,0x0000,0x3029,0xD3FC,0xE51D,0xE4FD,0xC39B,
    0x9A36,0xA337,0x482E,0xED1E,0xE47E,0xAA58,0xABB8,0xBB3A,0x3028,0x0000,0x0000,0x0821,0x410C,0x3986,0x69C2,0x48C2,
    0x28A0,0x8A64,0x69A3,0x1824,0x2866,0x08E2,0x29C8,0x2847,0x0000,0x1043,0x3102,0x4121,0x5962,0x69A2,0x61A1,0x30A0,
    0x0800,0x18C2,0x73AE,0xE6FC,0xFFFF,0xFFFF,0xFFDF,0xA514,0x0001,0x0001,0x0001,0x0001,0x0001,0x0001,0x0001,0x0001,
    0x0001,0x0001,0x0001,0x0001,0x0001,0x0001,0x0001,0x0001,0x0001,0x0001,0x0001,0x0001,0x0001,0x0001,0x0001,0x0001,
    0x0001,0x0001,0x0001,0x0001,0x0001,0x0001,0x0001,0x0001,0x0001,0x0001,0x0001,0x0001,0x0001,0x0001,0x0001,0x0001,
    0x0001,0x0001,0x0001,0x0001,0x0001,0x0001,0x0001,0x0001,0x0001,0x0001,0x0001,0x0001,0x0001,0x0001,0x0001,0x0001,
    0x0001,0x0001,0x0001,0x0001,0x0001,0x0001,0x0001,0x0001,0x0001,0x0001,0x0001,0x0001,0x0001,0x0001,0x0001,0x0001,
    0x0001,0x0001,0x0001,0x0001,0x0001,0x0001,0x7BF0,0xE71C,0xFFFF,0xFFFF,0xFFFF,0xD678,0x93CC,0x7A43,0x7180,0x7180,
    0x71A3,0x5983,0x4982,0x2882,0x1021,0x0000,0x0804,0x1803,0x38A2,0x3882,0x0801,0x6146,0x79C3,0x2084,0x2828,0x0000,
    0x0000,0x50CD,0xED5E,0xDC9D,0xFDBE,0x81F4,0x9A96,0xC31B,0xCBDB,0xCB5C,0xB379,0x6912,0xFE3F,0x7991,0x0802,0x0821,
    0x0000,0x30CB,0x3947,0x69E2,0x5923,0x0000,0x2861,0x40A4,0x1843,0x1806,0x1005,0x0000,0x0882,0x20C3,0x4982,0x59A2,
    0x71C2,0x71C2,0x69C1,0x4960,0x20C0,0x3185,0x8C51,0xE73C,0xFFFF,0xFFFF,0xFFDF,0xB596,0x0001,0x0001,0x0001,0x0001,
    0x0001,0x0001,0x0001,0x0001,0x0001,0x0001,0x0001,0x0001,0x0001,0x0001,0x0001,0x0001,0x0001,0x0001,0x0001,0x0001,
    0x0001,0x0001,0x0001,0x0001,0x0001,0x0001,0x0001,0x0001,0x0001,0x0001,0x0001,0x0001,0x0001,0x0001,0x0001,0x0001,
    0x0001,0x0001,0x0001,0x0001,0x0001,0x0001,0x0001,0x0001,0x0001,0x0001,0x0001,0x0001,0x0001,0x0001,0x0001,0x0001,
    0x0001,0x0001,0x0001,0x0001,0x0001,0x0001,0x0001,0x0001,0x0001,0x0001,0x0001,0x0001,0x0001,0x0001,0x0001,0x0001,
    0x0001,0x0001,0x0001,0x0001,0x0001,0x0001,0x0001,0x0001,0x0001,0x0001,0x0001,0x0001,0x0001,0x0001,0x8410,0xDEFB,
    0xFFFF,0xFFFF,0xFFFF,0xDEDA,0xACF1,0x7AE7,0x69A2,0x8201,0x9A62,0x7A02,0x61A2,0x61E2,0x3121,0x20C2,0x1062,0x0000,
    0x0802,0x0801,0x7143,0x61A1,0x38A8,0x3068,0x0000,0x7A33,0xF63F,0xBABB,0xED9E,0x68B1,0xE57D,0xECDE,0x6130,0x6110,
    0xDCFD,0xBBB9,0xC39A,0x2007,0x0021,0x0000,0x388A,0x40E9,0x51E2,0x6983,0x0820,0x0802,0x0003,0x0000,0x1861,0x20A1,
    0x49A1,0x7A82,0x9261,0x9A61,0xAAC2,0x71C1,0x4940,0x28E0,0x2902,0x52AA,0xAD55,0xF7BE,0xFFFF,0xFFFF,0xF7BE,0xAD75,
    0x0001,0x0001,0x0001,0x0001,0x0001,0x0001,0x0001,0x0001,0x0001,0x0001,0x0001,0x0001,0x0001,0x0001,0x0001,0x0001,
    0x0001,0x0001,0x0001,0x0001,0x0001,0x0001,0x0001,0x0001,0x0001,0x0001,0x0001,0x0001,0x0001,0x0001,0x0001,0x0001,
    0x0001,0x0001,0x0001,0x0001,0x0001,0x0001,0x0001,0x0001,0x0001,0x0001,0x0001,0x0001,0x0001,0x0001,0x0001,0x0001,
    0x0001,0x0001,0x0001,0x0001,0x0001,0x0001,0x0001,0x0001,0x0001,0x0001,0x0001,0x0001,0x0001,0x0001,0x0001,0x0001,
    0x0001,0x0001,0x0001,0x0001,0x0001,0x0001,0x0001,0x0001,0x0001,0x0001,0x0001,0x0001,0x0001,0x0001,0x0001,0x0001,
    0x0001,0x0001,0x0001,0x0001,0x0001,0x0001,0x738E,0xCE79,0xFFFF,0xFFFF,0xFFFF,0xF79E,0xBDD6,0x942D,0x6A64,0x7201,
    0x8A41,0x9261,0x8A42,0x7A22,0x7A43,0x5183,0x3902,0x2081,0x1841,0x8A25,0x61C2,0x3869,0x1006,0x7A11,0x9A75,0x7132,
    0x8A33,0x48AC,0x8253,0x3008,0x0000,0x1003,0x7A32,0x9A75,0x402B,0x0000,0x0000,0x2868,0x48EC,0x59C2,0x71C3,0x1841,
    0x1020,0x28A3,0x4123,0x59A2,0x8A82,0x9AA2,0xBB62,0xC361,0xA2E1,0x69E0,0x4140,0x2902,0x3A07,0x8451,0xD6BA,0xFFFF,
    0xFFFF,0xFFFF,0xEF5D,0x9CF3,0x0001,0x0001,0x0001,0x0001,0x0001,0x0001,0x0001,0x0001,0x0001,0x0001,0x0001,0x0001,
    0x0001,0x0001,0x0001,0x0001,0x0001,0x0001,0x0001,0x0001,0x0001,0x0001,0x0001,0x0001,0x0001,0x0001,0x0001,0x0001,
    0x0001,0x0001,0x0001,0x0001,0x0001,0x0001,0x0001,0x0001,0x0001,0x0001,0x0001,0x0001,0x0001,0x0001,0x0001,0x0001,
    0x0001,0x0001,0x0001,0x0001,0x0001,0x0001,0x0001,0x0001,0x0001,0x0001,0x0001,0x0001,0x0001,0x0001,0x0001,0x0001,
    0x0001,0x0001,0x0001,0x0001,0x0001,0x0001,0x0001,0x0001,0x0001,0x0001,0x0001,0x0001,0x0001,0x0001,0x0001,0x0001,
    0x0001,0x0001,0x0001,0x0001,0x0001,0x0001,0x0001,0x0001,0x0001,0x0001,0x0001,0x0001,0x0001,0x0001,0x0001,0xAD55,
    0xEF7D,0xFFFF,0xFFFF,0xFFFF,0xE75D,0xB596,0x8C2E,0x5A66,0x4961,0x5980,0x5100,0x5961,0x5963,0x5122,0x3080,0x30C2,
    0x9225,0x4102,0x30AC,0x408C,0x406D,0x408E,0x488E,0x408D,0x382B,0x1003,0x2868,0x38AB,0x304B,0x384B,0x38AB,0x306A,
    0x38AC,0x48ED,0x41C3,0x71C3,0x28A2,0x1840,0x38C1,0x4903,0x6164,0x69C2,0x7221,0x6A41,0x38E0,0x20C0,0x2943,0x4228,
    0x8451,0xCE59,0xFFFF,0xFFFF,0xFFFF,0xFFFF,0xCE7A,0x0001,0x0001,0x0001,0x0001,0x0001,0x0001,0x0001,0x0001,0x0001,
    0x0001,0x0001,0x0001,0x0001,0x0001,0x0001,0x0001,0x0001,0x0001,0x0001,0x0001,0x0001,0x0001,0x0001,0x0001,0x0001,
    0x0001,0x0001,0x0001,0x0001,0x0001,0x0001,0x0001,0x0001,0x0001,0x0001,0x0001,0x0001,0x0001,0x0001,0x0001,0x0001,
    0x0001,0x0001,0x0001,0x0001,0x0001,0x0001,0x0001,0x0001,0x0001,0x0001,0x0001,0x0001,0x0001,0x0001,0x0001,0x0001,
    0x0001,0x0001,0x0001,0x0001,0x0001,0x0001,0x0001,0x0001,0x0001,0x0001,0x0001,0x0001,0x0001,0x0001,0x0001,0x0001,
    0x0001,0x0001,0x0001,0x0001,0x0001,0x0001,0x0001,0x0001,0x0001,0x0001,0x0001,0x0001,0x0001,0x0001,0x0001,0x0001,
    0x0001,0x0001,0x0001,0x0001,0x0001,0x0001,0x0001,0x7BCF,0xC638,0xFFDF,0xFFFF,0xFFFF,0xFFFF,0xF79E,0xC639,0x94B2,
    0x6B0B,0x41A5,0x1881,0x1820,0x2040,0x0000,0x38C2,0x8A02,0x5A06,0x5147,0x5127,0x5168,0x5968,0x5949,0x596A,0x50EE,
    0x598B,0x6188,0x5968,0x5988,0x5968,0x5128,0x5129,0x49E6,0x7A03,0x40C3,0x0000,0x1840,0x1820,0x1000,0x0800,0x0820,
    0x2103,0x39E7,0x6B8E,0xAD76,0xDEFC,0xFFFF,0xFFFF,0xFFFF,0xFFFF,0xDEFB,0x9CF3,0x0001,0x0001,0x0001,0x0001,0x0001,
    0x0001,0x0001,0x0001,0x0001,0x0001,0x0001,0x0001,0x0001,0x0001,0x0001,0x0001,0x0001,0x0001,0x0001,0x0001,0x0001,
    0x0001,0x0001,0x0001,0x0001,0x0001,0x0001,0x0001,0x0001,0x0001,0x0001,0x0001,0x0001,0x0001,0x0001,0x0001,0x0001,
    0x0001,0x0001,0x0001,0x0001,0x0001,0x0001,0x0001,0x0001,0x0001,0x0001,0x0001,0x0001,0x0001,0x0001,0x0001,0x0001,
    0x0001,0x0001,0x0001,0x0001,0x0001,0x0001,0x0001,0x0001,0x0001,0x0001,0x0001,0x0001,0x0001,0x0001,0x0001,0x0001,
    0x0001,0x0001,0x0001,0x0001,0x0001,0x0001,0x0001,0x0001,0x0001,0x0001,0x0001,0x0001,0x0001,0x0001,0x0001,0x0001,
    0x0001,0x0001,0x0001,0x0001,0x0001,0x0001,0x0001,0x0001,0x0001,0x0001,0x0001,0x0001,0x0001,0x0001,0x0001,0x0001,
    0x8410,0xC618,0xF79E,0xFFFF,0xFFFF,0xFFFF,0xFFFF,0xF79E,0xCE9A,0xAD55,0x7BCF,0x52AA,0x31A6,0x7267,0x5964,0x1020,
    0x0800,0x0800,0x0000,0x0800,0x6122,0x4121,0x5162,0x2840,0x0000,0x0000,0x0000,0x0000,0x1840,0x6942,0x40C3,0x0000,
    0x1082,0x2945,0x4228,0x632C,0x94B2,0xBE18,0xE71C,0xFFFF,0xFFFF,0xFFFF,0xFFFF,0xFFFF,0xD6BA,0xA514,0x0001,0x0001,
    0x0001,0x0001,0x0001,0x0001,0x0001,0x0001,0x0001,0x0001,0x0001,0x0001,0x0001,0x0001,0x0001,0x0001,0x0001,0x0001,
    0x0001,0x0001,0x0001,0x0001,0x0001,0x0001,0x0001,0x0001,0x0001,0x0001,0x0001,0x0001,0x0001,0x0001,0x0001,0x0001,
    0x0001,0x0001,0x0001,0x0001,0x0001,0x0001,0x0001,0x0001,0x0001,0x0001,0x0001,0x0001,0x0001,0x0001,0x0001,0x0001,
    0x0001,0x0001,0x0001,0x0001,0x0001,0x0001,0x0001,0x0001,0x0001,0x0001,0x0001,0x0001,0x0001,0x0001,0x0001,0x0001,
    0x0001,0x0001,0x0001,0x0001,0x0001,0x0001,0x0001,0x0001,0x0001,0x0001,0x0001,0x0001,0x0001,0x0001,0x0001,0x0001,
    0x0001,0x0001,0x0001,0x0001,0x0001,0x0001,0x0001,0x0001,0x0001,0x0001,0x0001,0x0001,0x0001,0x0001,0x0001,0x0001,
    0x0001,0x0001,0x0001,0x0001,0x0001,0x0001,0x0001,0x0001,0x0001,0x0001,0xA534,0xD69A,0xFFDF,0xFFFF,0xFFFF,0xFFFF,
    0xFFFF,0xFFFF,0xFFFF,0xEF5D,0xE6FC,0xBE18,0xA555,0x94B2,0x8410,0x6B8E,0x8BD0,0xAC0E,0x93AE,0x62EC,0x5AEC,0x632D,
    0x6B6E,0x7BCF,0x8C51,0xB575,0xBDD7,0xCE79,0xE71C,0xF7BE,0xFFFF,0xFFFF,0xFFFF,0xFFFF,0xFFFF,0xFFFF,0xE73C,0xBDD7,
    0x0001,0x0001,0x0001,0x0001,0x0001,0x0001,0x0001,0x0001,0x0001,0x0001,0x0001,0x0001,0x0001,0x0001,0x0001,0x0001,
    0x0001,0x0001,0x0001,0x0001,0x0001,0x0001,0x0001,0x0001,0x0001,0x0001,0x0001,0x0001,0x0001,0x0001,0x0001,0x0001,
    0x0001,0x0001,0x0001,0x0001,0x0001,0x0001,0x0001,0x0001,0x0001,0x0001,0x0001,0x0001,0x0001,0x0001,0x0001,0x0001,
    0x0001,0x0001,0x0001,0x0001,0x0001,0x0001,0x0001,0x0001,0x0001,0x0001,0x0001,0x0001,0x0001,0x0001,0x0001,0x0001,
    0x0001,0x0001,0x0001,0x0001,0x0001,0x0001,0x0001,0x0001,0x0001,0x0001,0x0001,0x0001,0x0001,0x0001,0x0001,0x0001,
    0x0001,0x0001,0x0001,0x0001,0x0001,0x0001,0x0001,0x0001,0x0001,0x0001,0x0001,0x0001,0x0001,0x0001,0x0001,0x0001,
    0x0001,0x0001,0x0001,0x0001,0x0001,0x0001,0x0001,0x0001,0x0001,0x0001,0x0001,0x0001,0x0001,0x0001,0x0001,0x0001,
    0x0001,0x0001,0x0001,0x0001,0x9492,0xB5B6,0xD6BA,0xF79E,0xFFFF,0xFFFF,0xFFFF,0xFFFF,0xFFFF,0xFFFF,0xFFFF,0xFFFF,
    0xFFFF,0xFFFF,0xFFFF,0xFFFF,0xFFFF,0xFFFF,0xFFFF,0xFFFF,0xFFFF,0xFFFF,0xFFFF,0xFFFF,0xFFFF,0xFFFF,0xFFDF,0xE73C,
    0xC638,0xA514,0x0001,0x0001,0x0001,0x0001,0x0001,0x0001,0x0001,0x0001,0x0001,0x0001,0x0001,0x0001,0x0001,0x0001,
    0x0001,0x0001,0x0001,0x0001,0x0001,0x0001,0x0001,0x0001,0x0001,0x0001,0x0001,0x0001,0x0001,0x0001,0x0001,0x0001,
    0x0001,0x0001,0x0001,0x0001,0x0001,0x0001,0x0001,0x0001,0x0001,0x0001,0x0001,0x0001,0x0001,0x0001,0x0001,0x0001,
    0x0001,0x0001,0x0001,0x0001,0x0001,0x0001,0x0001,0x0001,0x0001,0x0001,0x0001,0x0001,0x0001,0x0001,0x0001,0x0001,
    0x0001,0x0001,0x0001,0x0001,0x0001,0x0001,0x0001,0x0001,0x0001,0x0001,0x0001,0x0001,0x0001,0x0001,0x0001,0x0001,
    0x0001,0x0001,0x0001,0x0001,0x0001,0x0001,0x0001,0x0001,0x0001,0x0001,0x0001,0x0001,0x0001,0x0001,0x0001,0x0001,
    0x0001,0x0001,0x0001,0x0001,0x0001,0x0001,0x0001,0x0001,0x0001,0x0001,0x0001,0x0001,0x0001,0x0001,0x0001,0x0001,
    0x0001,0x0001,0x0001,0x0001,0x0001,0x0001,0x0001,0x0001,0x0001,0x0001,0x0001,0x0001,0x0001,0x0001,0x0001,0x0001,
    0x9492,0xA534,0xBDD7,0xCE59,0xDEDB,0xE73C,0xF77D,0xFFBE,0xFFDF,0xFFDF,0xFFDF,0xF79E,0xEF5D,0xDEFB,0xD69A,0xC618,
    0xAD76,0x9CF3,0x0001,0x0001,0x0001,0x0001,0x0001,0x0001,0x0001,0x0001,0x0001,0x0001,0x0001,0x0001,0x0001,0x0001,
    0x0001,0x0001,0x0001,0x0001,0x0001,0x0001,0x0001,0x0001,0x0001,0x0001,0x0001,0x0001,0x0001,0x0001,0x0001,0x0001,
    0x0001,0x0001,0x0001,0x0001,0x0001,0x0001,0x0001,0x0001,0x0001,0x0001,0x0001,0x0001,0x0001,0x0001,0x0001,0x0001,
    0x0001,0x0001,0x0001,0x0001,0x0001,0x0001,0x0001,0x0001,0x0001,0x0001,0x0001,0x0001,0x0001,0x0001,0x0001,0x0001,
    0x0001,0x0001,0x0001,0x0001,
};
